features_file_id,features_status,idx,retention_points_raw,retention_source_file,retention_source_file_id,retention_status,status,transcript_drive_file_id,transcript_filename,transcript_path,transcript_source_type,video_folder
1oyn4MDzGN_FpSRV1xIS_PCehL4ZqGe15,downloaded,1,101,retention.csv,1A7RV7X_QLyY1E737U-rfRJoRHX3HG0wR,ok,ok,1eVkwJcjsMyZqrvFMl3MZEeJpXvxnzsAm,whisper_segments.csv,transcripts,csv_timestamps,138P93_Z_u0
1dyeof4DItV9wkQhJaO-EC2Kol6BKQGku,downloaded,2,101,retention.csv,1IkKqVMHBFKlRJBDNgoKM39hBUMuxVV3g,ok,ok,1zgK_2hxK6Xy27mEVmm6TcZuLMGTSv5VQ,whisper_segments.csv,transcripts,csv_timestamps,1J5zlq2Vs3Y
1kBgnqBBppriz-8niD0zuD1Hr3J11z24F,downloaded,3,101,retention.csv,1nW7ebM7ewGJdBZC5h_qzNLSTUm0VAseH,ok,ok,1fmROk9v4uUM4QGgDf_gS8sUkdoNcjCjv,whisper_segments.csv,transcripts,csv_timestamps,39R6j9qkzPo
1MXgIJEQF2R0Iir3U00Zj2K46gPLeMuGJ,downloaded,4,101,retention.csv,1m1VHra5gZkr4rW_9Yn5FATuwJvu28R4-,ok,ok,1sO4wrtrja37YbYpQzeD1k9H6sblOKXk0,whisper_segments.csv,transcripts,csv_timestamps,3G6JrAq-w4M
1e5TfBwMGS7zXtHVrMAlWTLoSyDTc94kx,downloaded,5,101,retention.csv,1REzaaY09bQTrBqSmJDOGnAr92UzdicJF,ok,ok,1LJbBZS8R83iMyGQthBdK14UD2YcLhBoj,whisper_segments.csv,transcripts,csv_timestamps,3MncoqWP_qg
1VjmVCJxWWROdRa-EGpiklp5i9TRTFj0y,downloaded,6,101,retention.csv,1YkQZTu9N0RrYgHGk_vWcdOSL1fJFnC_H,ok,ok,1UbOiAMFqYPFQ6i0MTlgtoiHt7IAJk5mn,whisper_segments.csv,transcripts,csv_timestamps,3PBo1GiAlbs
1Fg9lRFZx5dKHFAf8S2ky3A-fJKjN2XTU,downloaded,7,101,retention.csv,1azil_97cmc2UDmhZ6mPfZ_02Kj8_symh,ok,ok,1GEb9UvxzPWX_T-1_4bTy71X6DMm1YI3m,whisper_segments.csv,transcripts,csv_timestamps,3WA4YT8fkx8
1zuVBEie0PfOnd7ReJVivTm0oXHfd9STg,downloaded,8,101,retention.csv,1rMKhcfJ0hxH0lUsceI-SajQIe9UyQ_LV,ok,ok,1QEeECVF68KZ_XIXJe3MSm8paHr4A7M1K,whisper_segments.csv,transcripts,csv_timestamps,4WcGtcKKoWg
1ghziUa2t0KTolp1-nj53FKAwZtYasLxJ,downloaded,9,101,retention.csv,1Bd68PiLdojiw9yVLea0Y3iKp5QpjhVcq,ok,ok,1FCyizBgEzn1dWhcYzvt5JpNT0Z0E_ufe,whisper_segments.csv,transcripts,csv_timestamps,6_qPAwOsDi0
1EWO4JtqWswqTRpKPAXaPglh5zhDc_tp5,downloaded,10,101,retention.csv,1bGnVVAnh3iH0JvuS0RA1rLxK9e8VYhL7,ok,ok,1lAxYPrF6iIQJOssHT4qPtQ4ue-5yynnG,whisper_segments.csv,transcripts,csv_timestamps,6Ha1lqRKMig
12r0nL8s6R4NXmVWvW0p8kbO1sKini2cY,downloaded,11,101,retention.csv,190dPxw1fOfWr9q8ThG0ZaQFYQ3sJ3FHy,ok,ok,1oDoORuSWi7VbH4x2CPUUfe77NGmgiM3R,whisper_segments.csv,transcripts,csv_timestamps,7g_56jn0NCA
16hfTbK0vagJsiEc9c7P2QTVg9XEYflHK,downloaded,12,101,retention.csv,13sSv-Kv2XlxC-5XkXSQVgNBS9NSedNBe,ok,ok,1tegK1VSsQg9FcWxc1Gjrx21Kw5oEsDrX,whisper_segments.csv,transcripts,csv_timestamps,8__NWVjeyZ8
1kWYsjFBqcGG5zwGDDqHFuZMsK9RwwxKc,downloaded,13,101,retention.csv,1hx9eHU_zM0uw8DI8p4qwh5X-AubShfzp,ok,ok,1THPNvh1yM8Lfllqlt33ZPFFLHd0InZYr,whisper_segments.csv,transcripts,csv_timestamps,8YXWaEo201o
1kpXv3YKNuTyslb_kfM3HI-BEM2yq7SPc,downloaded,14,101,retention.csv,1zmo2M0gxabbVvwfntFngxNHbCFX0NRD4,ok,ok,19Ia-ZCMEQztDTI3eFofAaxEH8aRKT0HJ,whisper_segments.csv,transcripts,csv_timestamps,9B3N8I4Vidc
1NR4kF0OEpwhhLtAaI0X1WeKOqhN1jA4_,downloaded,15,101,retention.csv,1DLBpfUT6c6290WzCMC73vAXiX9Vvm4lW,ok,ok,1IiKZi8-217th25CJVv7Ih2ZaJSKO1fIX,whisper_segments.csv,transcripts,csv_timestamps,b5gAWk2QuSU
1sGiNz_mHLJg4ME31LUhcaq0ZokoIrbPd,downloaded,16,101,retention.csv,1Ig9wZ8RIiuiwTX6vedbfpYZVPJW4pNAH,ok,ok,1NySs4fK_b-lZlv-2AKdrCThhocJXgKzb,whisper_segments.csv,transcripts,csv_timestamps,bK-1Mfb93uA
14514cKgVjjN9q051p05SBOUp9UG_aBkI,downloaded,17,101,retention.csv,1R-4mCZIHPZuaDGu_pIbyEzxnzw9Tv8HZ,ok,ok,1QidJxOlejWcUXWHT9NIBAKXnoN3LNiG9,whisper_segments.csv,transcripts,csv_timestamps,BZEZxzRJ-L4
1RyJL7l0UvXG2jM8fkoso1RiXiqt1chZ5,downloaded,18,101,retention.csv,1xHpkeZQXHmh32poQ1med9jx8CjdMguCz,ok,ok,1bRnTP3v4rUcggRrd8A-ArvPxHrUF1MKE,whisper_segments.csv,transcripts,csv_timestamps,Db6f982wxPg
1wl0plvbia32uMIK9BLU-yxhycBDcKEMr,downloaded,19,101,retention.csv,1vUz0qjvA-tjoGXIJCoxcbUQBAUS5rEhT,ok,ok,1gVX70KoK8NADNqKe-jxplrN7rxjAz_Mp,whisper_segments.csv,transcripts,csv_timestamps,DhFuAhFMvms
1TxN8UpGhg8yWXFtZnmKzm6-ox5XRftzZ,downloaded,20,101,retention.csv,1ICW5qLexSJJ6uzXOFQDi2zGCDHjBSPhj,ok,ok,1JlrvS9zEUNM5jHy8LNiaROGsVb7DyhDh,whisper_segments.csv,transcripts,csv_timestamps,DrS6_CT0XrU
1F_qzjztxHg8yUljgNO7Zjy-yWXnZMte7,downloaded,21,101,retention.csv,1pFCWlIDGx5XkbjU756wkPSN2cOhFSVQt,ok,ok,19_GbRTiYF-v9CF7-sy_NGDzoralueust,whisper_segments.csv,transcripts,csv_timestamps,dx7dMwMXSAA
1miJnaHX2i6jOiHTjrC9ZwyNqc60UuUnT,downloaded,22,101,retention.csv,1W3XaOHk-nW3dJHM4ysHUtxXUoV6keoAt,ok,ok,182zBqSrhFNOhBfzIlril2a3YvTL_8NBH,whisper_segments.csv,transcripts,csv_timestamps,e21aHqRYPKE
1UlRvTl8-xL6oJUbk325l1K1BGgm82GRH,downloaded,23,101,retention.csv,1PbDQp51RtyZAlXMlAxKFyNx-0_oYATv-,ok,ok,184-usIllkr7Qq8RJhTCKOOyicWNqa7t4,whisper_segments.csv,transcripts,csv_timestamps,ECP4p12A5FY
1dc9rKtvzyDU4fT3zGIE2YCJNi9O-wKO1,downloaded,24,101,retention.csv,1P36I4UgXCBZEYIquzXUTcwWSCNCWGB4f,ok,ok,1925xfQfQKxzkFFHZ80OGKdYQz78Dqxi4,whisper_segments.csv,transcripts,csv_timestamps,EFxlvlchMw8
1qozuevtxFb5UgIlFxqvRWAspXq91ZKC5,downloaded,25,101,retention.csv,1C4CIEnUcM7pYT956P6ElsTrMFBreIr0P,ok,ok,1XExmOAaXHvJVAhiH7uYShX5ipunrYQmC,whisper_segments.csv,transcripts,csv_timestamps,EhAdb6fIEe0
1meif3jp_1bVgjJXMC4fu-6qm45uvoxaj,downloaded,26,101,retention.csv,1xzQ9RwlAM5C30swnWrpqpI9uYaFUgGTz,ok,ok,1uZfSOG-BbG-Pnvz0XDGxP9brWvc9OzSP,whisper_segments.csv,transcripts,csv_timestamps,Ei6QuJppkb4
12cxEdEAYjbawAZf7nowEiUVlEYyZgWMV,downloaded,27,101,retention.csv,1qaBRtUmiF7y6FzV3MJMeGbtDWGhyyHcu,ok,ok,1SVbjXtjVqcRrolUDIb0XJFA999FHVNEO,whisper_segments.csv,transcripts,csv_timestamps,eL9OqXpmvOE
13kJUOXH4CHq5uhtMpuaPpPVTA6bxsI8H,downloaded,28,101,retention.csv,1iNfWONkHpYd-OkMQp54pCPoMhJ0kjSFR,ok,ok,1mY8lMsRcEF6cD3vtPSB5squcZfU0Dt1W,whisper_segments.csv,transcripts,csv_timestamps,eLSgNBnpeRg
1afvQCG1HT15hUp30ylXjncO35xb2Ps79,downloaded,29,101,retention.csv,1K4An_MmIMWlftPI4FLfMzxJYfgO7BXXb,ok,ok,1AOQIhJFlSaAQH3xThtRTklmUKW15lhHr,whisper_segments.csv,transcripts,csv_timestamps,Fr4ZqY97Bco
1TVRa6O19b5BV2lAbWYFnb1MgYoK45Vkw,downloaded,30,101,retention.csv,13uwPXg6H_fAhdZXk-cLkPUBX-f1yI0rP,ok,ok,1WCADbsxFjkMfrC8n7uEm-fP46zW1NQnE,whisper_segments.csv,transcripts,csv_timestamps,fwHhuHVNR4I
1GLdWvs_AsmNrggiJWLSjVJKWHaOKp90w,downloaded,31,100,retention.csv,1XSEQUWBuOJRDeX8z3iHyT4wEQJfqy3o6,ok,ok,1QNSjU2uB5cQItIUr1pQCbS8t2AbcGLux,whisper_segments.csv,transcripts,csv_timestamps,FYbEJ3oRgFk
1BQ11CzHjMYKQ_8vHRtmmnAI_UxEYlPfw,downloaded,32,101,retention.csv,1sYr_Hl4vnUyQhi6ckDzJe8pBjYoScnSp,ok,ok,1GI1cYwHTV3cY4HVWi0dRjjFNLZOKIdvr,whisper_segments.csv,transcripts,csv_timestamps,FZ4waB-THOA
1pHvoXqbG9NumNHtj7R2IUp61zLPhH6d0,downloaded,33,101,retention.csv,1Y_Wvlk8_tRQ7gteHgGljuMccnTONAcjD,ok,ok,1ssRoCA4UenpyNFdMZ098yYNpZPfNOBam,whisper_segments.csv,transcripts,csv_timestamps,GfEdSBXxyHA
17zS4wBKxcwMrQzxj6_3IXbuqaOB4uHUe,downloaded,34,101,retention.csv,1aPX2D1MggYfq2lGhk1bvNRmU0re7w2RM,ok,ok,1x9XyUceO2ORLojPinRyIg8s45T3wOc0-,whisper_segments.csv,transcripts,csv_timestamps,gkSAR3jbMjA
1lG7bfsSdwOhDDbVScOJBC5RMbZ-bnjse,downloaded,35,101,retention.csv,1B6Wkoh_-1H1OeoqhG2r24wonezqhSSEz,ok,ok,1i5_yNIuFN7yQLHRisQBrBcFS4WyaklPy,whisper_segments.csv,transcripts,csv_timestamps,GthDbmZFW-w
1bJ2b39G4rkN7_CLVsDpNax5LTbMid9Yf,downloaded,36,101,retention.csv,1xdNhE_FQZuZKB2KvN6TkyPkB6UmvL-kM,ok,ok,1vcBkxA3nhLdk_PMzmwybhECJLQ7JuQ6j,whisper_segments.csv,transcripts,csv_timestamps,gYHHQNT6100
18dm5rOJWzY5vf27rHP1Qpyi_mdTiiTGh,downloaded,37,101,retention.csv,16kkZNn0now4TcZmnURFclXFPa3llqURF,ok,ok,1HI4EgZv-mtiUVasL89A47rV6B-t1RpvI,whisper_segments.csv,transcripts,csv_timestamps,hnyYg62DY4E
1YPtMYSTOejQvC68AccwxhMUFEF-w4z28,downloaded,38,101,retention.csv,1DH-j3q9ileAmg8ZtDxRe2WXhHz4JZlUz,ok,ok,1YpFpVNStmPPsP9B3anv8dB72cFclHGI4,whisper_segments.csv,transcripts,csv_timestamps,ib29EiVnmJM
1k-IGo4p3HqtNCtKQsCdDgh3kV9AYygqg,downloaded,39,101,retention.csv,1AsYiHNmRD-yg40Z4ogDWVJPqzuJzgeaE,ok,ok,1DfvYMMMUMXq5XvTwH1qHQnszTq3eHARh,whisper_segments.csv,transcripts,csv_timestamps,ie3vumn9Je4
1brfSdseDl3dBo6uMiG_JnGGuLSPDrExj,downloaded,40,101,retention.csv,1PvSpSuFMs8RQvHdsRRC1yqLyMRCYQiaV,ok,ok,1ZY8bO1SH68W0rFOlZtQ92OjkOAllSzLg,whisper_segments.csv,transcripts,csv_timestamps,IgJxh-fJTBU
1uLLwdL-gbFLhtmSflJC02fBCRl2R5nT9,downloaded,41,101,retention.csv,1vXSH9iU13e-4CQBfdJahHk8BSmJUPNWJ,ok,ok,18906j79Ku6APDOaNiVajL_qyPwcC-s8w,whisper_segments.csv,transcripts,csv_timestamps,iKGmIRAfmCM
1yaDOSZD0gaEPZWZOcHKI4fVcy0QSVtXl,downloaded,42,101,retention.csv,1ngTOjlLIRvm3YfZQ-_UnmAfPXj4FVZgr,ok,ok,1N7e_hJqcrich76vOJCTKZgyX1jVBVxjk,whisper_segments.csv,transcripts,csv_timestamps,iP_siVZjbzc
1H9PNqPd1jN7bMEKbWVWu9XBgrlE-1g0t,downloaded,43,101,retention.csv,1YBoue_K4vntKz8kiMbX6PoycWlDYdOBy,ok,ok,1Yt_a0_L_hI1hbdmn733iklJMkG0OeWcn,whisper_segments.csv,transcripts,csv_timestamps,jPVQgOI33V0
17nxWEeTWeyCs90Zlb8MghQDAZZ92sz83,downloaded,44,101,retention.csv,1IylsBZp7K73lhuhI_AYk-PMwEo2PZ91D,ok,ok,1IuYSV5kuk_Zu06MM2Gh0ZZrXRPVZIk3Y,whisper_segments.csv,transcripts,csv_timestamps,jTtvWTti3b0
15YD4IbEld4GQCPMVkJDqBzn_4znP-9nQ,downloaded,45,101,retention.csv,1dk53CYTwQaWNJ49GqkabkRqrnWkTJZCa,ok,ok,1MTN3-zbvbd47gpf-clqey8DEhCVWY9q_,whisper_segments.csv,transcripts,csv_timestamps,JXTBwlW02No
1Ce1h3s3kln5E8eEoFpywEyvFnxD_RJEw,downloaded,46,101,retention.csv,1bb9acbWTzhXzI6MdQy40cOXh-J-EA9Ml,ok,ok,13DqaTuEnmHfp5FFuGgSKd4GAPw7Yuman,whisper_segments.csv,transcripts,csv_timestamps,K5zVqoMMj3Y
1GSs-kLuWt45JJpSkerA0a_AOf7o-0tDL,downloaded,47,101,retention.csv,1fWWrkAwc3Bya30EW6I0uFtXKJ6-BMbou,ok,ok,15Qcqe5wk02axFTXeSXH9ecIc_m-W3vVS,whisper_segments.csv,transcripts,csv_timestamps,kifrPvJigCU
1bCrMFbjKABfMZqS4nW5V5UEiXBWtTeT9,downloaded,48,101,retention.csv,1TwXMXyfKHyRiOlzs6qpBtgBESJH1oK65,ok,ok,1cjxUJ7NZ84edo5J0RI1sCNFE-CNJhIaX,whisper_segments.csv,transcripts,csv_timestamps,lgeLlSArJXU
1aI1QdJgeTrEl1YbNstKLzZ9W_WEby74J,downloaded,49,101,retention.csv,19AsXuhyh2_lHyHMZjqIyeoulKoHUsulE,ok,ok,1NW9ykZaJqYzk7jWim-7C45C--e-qUVOp,whisper_segments.csv,transcripts,csv_timestamps,LH3DvvXTxzc
129slX69ZZACynXWuKd2jE5zFv_jC3QoM,downloaded,50,101,retention.csv,1bPyS3-ap5VPbKBFdLhCvGE0t8jwfXzoz,ok,ok,1bn4ovWV7Ke1nnF3sjlfAI0VbQ9XgVcf4,whisper_segments.csv,transcripts,csv_timestamps,lLoSngvynB8
1xXIiuA98s83JZ3Xo6j-vaQRebFgr9mLO,downloaded,51,101,retention.csv,1VMj5JcfpimgGMX3LqZkLlIVskMX-RyBz,ok,ok,1fhCWPEs6ywQxYP99hxO9AHZ60iaZo33x,whisper_segments.csv,transcripts,csv_timestamps,lYAEH2n3I58
1XnAc7LG5RqDlwHZOL3yUFi7g5dAbztGQ,downloaded,52,101,retention.csv,1SeIJ7EfXHm6s6KFcVJBe3aOPMCcWlNb5,ok,ok,1F0SEbZrWEHy_MGPeRLUQ-pjaziUHk2GB,whisper_segments.csv,transcripts,csv_timestamps,M0IdDCUNivM
1km5YAGVdLUlJEF5OXt4ICyD8tegwh7i-,downloaded,53,101,retention.csv,1LiqxO-mB_WDWBF2XREwEe4VWarLb5-24,ok,ok,1Tvhdx_mmhik3hOCy7LNWd--_qdfK10xJ,whisper_segments.csv,transcripts,csv_timestamps,mBzEZBF1a_U
1g6PKHmTQUki7V3q6m6EqInN7_t52Y4ry,downloaded,54,101,retention.csv,1U6rdqH5SRRIsMMq436dHMpLNSOVsdyiS,ok,ok,1tTFOvKT9D1Arj325G-cT689vpqunEX1P,whisper_segments.csv,transcripts,csv_timestamps,Mc0b511IaVU
1nAXZfgHU9mreMT-9Lw6eLzzaf0q005f7,downloaded,55,100,retention.csv,1Ce0exvps8BsVhEcRU6P0mvI3UvVwjfXC,ok,ok,1bL59BPMpjlUJlI6p568cw6PawQJO0yQ-,whisper_segments.csv,transcripts,csv_timestamps,mM6sYTdPZ-0
1Xd8-4Ri_xYLQKueNPZHMSIM5HF-DjMtH,downloaded,56,100,retention.csv,1mjT7ttD7SNkQqywcByNXZPMDH7UnE52s,ok,ok,16ONEfUSvEziB60mxHw17JpfIcVRMqtj_,whisper_segments.csv,transcripts,csv_timestamps,NE38Pn3CYRc
1Op7nwB6oszRdecT8EmPVBvVb8rQiNNxf,downloaded,57,101,retention.csv,1BLwVy7Cp3JbmZyFjHwoIwcT3NjKORkXo,ok,ok,19eU666NOwSixS-d3sTeoQIa4ThvQx1tk,whisper_segments.csv,transcripts,csv_timestamps,Nvq6okhPSOw
1_63FepjZg69PpNheur-jpe4LZeMTtLrA,downloaded,58,101,retention.csv,1sJCTVkakp1Ay8E33MIUfIBxZeZQAVrC6,ok,ok,1FmWni9ZOuuTNmkXpEmEhzAm618nJqRSG,whisper_segments.csv,transcripts,csv_timestamps,OpuMLYUuP_M
1FSGAAqyJFu1Wjxh45PdeN-wYbNj9XcsG,downloaded,59,101,retention.csv,1yDlQOQ-jLw1eHsdOqKvtsQPuAvWNvRFc,ok,ok,19aC2GtOgASVjVDTKIO9cESv79T6Le4Sf,whisper_segments.csv,transcripts,csv_timestamps,P9bVljfAWS8
1VeClaFTrbZrX47_2vNvWyuduj9H_hbvo,downloaded,60,101,retention.csv,1rn88mYmtVq_orT1J0vYkg0LQlp9CLZPh,ok,ok,1ddvwDtnD3ctXnH8PPLEGKi6zuvbAHl2F,whisper_segments.csv,transcripts,csv_timestamps,pfacUo-6wNs
182Uh5p_H1XJ4Rm1I_doNchP4Zvs_Bq-n,downloaded,61,101,retention.csv,1PY5M7rN2FDYo4dqhHtcbev9pFLIl0CMR,ok,ok,1a5gUiaRzx1mlMoW5mPA7x8_1B4ChV7he,whisper_segments.csv,transcripts,csv_timestamps,PmWIzDuQUQg
1t9Nhkml_CHQYhZo2supby9mcpaGupQFl,downloaded,62,101,retention.csv,1cDh4Gbyf8ZnonXJBU6TPMBYox0o4iZ-6,ok,ok,1B0xEOttM_JzANVcgXjkxGVNaxBRSbec1,whisper_segments.csv,transcripts,csv_timestamps,porv8WwTSgc
1aM9SI9kWQQHwZMx5yO4GU_QSitwkQ1Sz,downloaded,63,101,retention.csv,1EBnttGuGEm7T6tHdtl0WgRHsfRL5ljE2,ok,ok,11itbpVnqfXmid_Qwd9IBuk8P0gmoKUqj,whisper_segments.csv,transcripts,csv_timestamps,PYMF1TaqpE4
1lUMQiQfqmComnkKhJ0xkPtNfI1h-qky4,downloaded,64,101,retention.csv,1drqLUHzBhyaCJl3z1LXiesJD0XAuNIrN,ok,ok,1vi81ZvP6bBfKkeR1hy73UJgyGmBp4qsS,whisper_segments.csv,transcripts,csv_timestamps,Q1ZmiQVX9cY
1BmAPpJ7ni1q11tPsrHaS0JLEKWsoUadT,downloaded,65,101,retention.csv,1rzJZoKZ7zYYTMGAa5nezL1jxZp0mqTgr,ok,ok,1OJjFcxfjLctuaXhFtaxpLV_qSvxpmiKD,whisper_segments.csv,transcripts,csv_timestamps,q607HENWvqY
1WxCPvQEGc41BTqNaxLkf6Ih56qnTDGW0,downloaded,66,101,retention.csv,1Ko5iIVetJtn-IePFjJgzCF0ogv2jOWnY,ok,ok,17AwRnqDkYsLCt5eY0A5AuY9B0zuHydU9,whisper_segments.csv,transcripts,csv_timestamps,qoqjZR52lOQ
1qxUrNb2up4x9RnygmqUTWd6CNVcHgi3K,downloaded,67,101,retention.csv,1uQ8qfOhThtc9_Vx2K2s2ku9iKiXw5flr,ok,ok,1MfW3FzujP05xaWHkLXvwJ0vD2lGR48j3,whisper_segments.csv,transcripts,csv_timestamps,RhVq2oJpsEY
1NJObHUt4ydLNj7FB43BZjft4i4zb9pKL,downloaded,68,101,retention.csv,1Zf7ZzL8-CWHYQj3jatD57vVxJVvgj8WF,ok,ok,1g7jV06wtwp5s4ojU1OssFQ1schushzd5,whisper_segments.csv,transcripts,csv_timestamps,rJxhpVu7BhU
1Wk7XVKTetHlKL4q2Hfs4HzXtvr1DLGZ7,downloaded,69,101,retention.csv,16NIQh4TP8H2j4boZfH1eFFey2CrL8v4f,ok,ok,1B_X6EgcjC85XnIDI4SgPNMZuxJ5peNF-,whisper_segments.csv,transcripts,csv_timestamps,RkwsqGM4_DE
1XZq2Toha3pXTv8Ay-3caukN8ij2hORTa,downloaded,70,101,retention.csv,1b_QmokxrIAl_RVM005eBVMqMgp7xeCfy,ok,ok,1BDR-3CLtTnwaWVKBMKoAd0TtRN1iUC7p,whisper_segments.csv,transcripts,csv_timestamps,S_o49-nmh5w
1uq-zJllFJMx8py5hgOnTiJfRIMLv90q8,downloaded,71,101,retention.csv,1Ci_Wx8_zUVBbdyrSfFL4rMgNuH59QfdE,ok,ok,10-dp437h-7tuXxqZfu7az9fwJJn_zOUL,whisper_segments.csv,transcripts,csv_timestamps,Sf95qeC7BUs
1EYP9y5uYoEaPyWkgNZa_cluKdrXCBeWF,downloaded,72,101,retention.csv,1-HRItH6-Ybbv39zpdllBgJ4ZSshRwjhZ,ok,ok,1WcvAqNqrhY_-tCWRe5rEUqLhF0erS8NY,whisper_segments.csv,transcripts,csv_timestamps,sujXtr4AVRU
1LptaA96TJlI0MwuGNcgHJ3mO_xhhxY_f,downloaded,73,101,retention.csv,1kpBUew9szeQmX1HlN02222O0ndJKK96U,ok,ok,1JliIvSF7Lfns0msmvOYaKnd4hCwp6lXo,whisper_segments.csv,transcripts,csv_timestamps,szF7osJgt-A
1O5tHVJFkgzLx8esj0_cQ7Y9SW9LCobay,downloaded,74,101,retention.csv,1OL3zgtulKjZqS8w_w-QemOuaKQKpuX1U,ok,ok,185Li4MWB1KPfrzlWX0PLVVo8A_xdxX5I,whisper_segments.csv,transcripts,csv_timestamps,U8e1Pd7aBLY
1laUA4LitQ3k2lnCF7ZcBCqX6PCyFzAsy,downloaded,75,101,retention.csv,1-Zp9s7-qq3qlG-lBKd5Uvgc_Cpo1LWpA,ok,ok,1wMmzsSeCLgIlhCMf_NEMkepdngt9c8fO,whisper_segments.csv,transcripts,csv_timestamps,v_puTGCZjnA
1JMaqcWhfhN9lrm3uexnLsh6kcnjHLB-r,downloaded,76,100,retention.csv,1Rz48mqloS6Wuo27TQ1bkUhiziyJ3omgJ,ok,ok,17H9w9zIk785LE9ILkh2UTdF-1-5a84AQ,whisper_segments.csv,transcripts,csv_timestamps,vopiJ3KKT-k
14qHS824iLfQlPG4kvAl59DK0yrpcOkoP,downloaded,77,101,retention.csv,1wEYyofSCREHiu1E_JzuQ8b2aY92TPJXm,ok,ok,1qdFkk4mgNOnGrZ7bhszjEPGNAkws9-_D,whisper_segments.csv,transcripts,csv_timestamps,vVZDZxRRXDI
1svSQQaqHfVm-XsVAZbANSIchdPU3lBj_,downloaded,78,101,retention.csv,1drmRx20BZLCiv96jEWIHffkovUrFU_Va,ok,ok,11S3796fAE9C7wtY07dKJr8mhXL_zhC0c,whisper_segments.csv,transcripts,csv_timestamps,VYsqc9S5b9E
1M5A2TRrThBgROY4dSEPMLtCm3sHmplvz,downloaded,79,101,retention.csv,1_U7pA_Yfw64rYXOrWUHXbS_Sj3MLIcvR,ok,ok,1F8htuy5oPXAT02q9lZRgHPhw04zy-4mR,whisper_segments.csv,transcripts,csv_timestamps,VYYzb9KHawI
1h9tWVTCxkX7jnPMtq36S7-C2ChSahXPQ,downloaded,80,101,retention.csv,1OvFsSltBfIMWX49_eB3jl_cdCAlnzKWB,ok,ok,1pDD75Fk2JCcN8WH9iKNwn9n0qDKyIVPy,whisper_segments.csv,transcripts,csv_timestamps,W6enyqR-1Jw
11mBDikXawhBDswNgjLHYy4R4ZWMmz0Cp,downloaded,81,101,retention.csv,1KDDzz0zWrxrtbfW11qnRY-q3hFdisu-X,ok,ok,1ASC7FAeYyRrFsZ3PxkrpgKX-w1T79G8A,whisper_segments.csv,transcripts,csv_timestamps,wS79wHHkjjw
12coG4Ha2o4eKCDHR650QoJniLdUUNvlq,downloaded,82,101,retention.csv,1PdB3KfmTgCPCcz8sOx0ACulnPG7OwQnb,ok,ok,1eTNgqcPSLKJGEb1HMOPwOHhgVKtxHuc3,whisper_segments.csv,transcripts,csv_timestamps,wWtq4RlbRos
1beCOHAXxU57eZfNIkCSpKogp6VyA0FfR,downloaded,83,101,retention.csv,1BY8EEUqciJ8YNBFMfPoj0dVtDi9R_EuG,ok,ok,1_Otc57kRiu3c-M7cVbg0mZx4jGSs1-E5,whisper_segments.csv,transcripts,csv_timestamps,xK0GkyIVzq4
11t4g09nPq7ZUn2F92pQZKRFSO-3kP8H1,downloaded,84,101,retention.csv,1ewgfxf3yVDRCqk4ELaCAKIBPbkhyGObU,ok,ok,1gzeh8NezDXdcPAHBFi5293DtPTltnfVn,whisper_segments.csv,transcripts,csv_timestamps,xZnMwJQ4mfc
1Ay8_Xp8nbEKj33NiQ2Qv53pFEkzWm444,downloaded,85,101,retention.csv,1jHzFdTrh5C0Hu0HZOzrcfRrzJSMQxWX1,ok,ok,1PZMavKFZli7isULpqPCfBTQu5rpL3Y4L,whisper_segments.csv,transcripts,csv_timestamps,yKC5nekLvbs
1EqzACp5wCMoQsXPye0iidQ-ath5p_kC6,downloaded,86,101,retention.csv,1S_BaTsvT-1tyxECh_ff1F6ODFxBVWdev,ok,ok,13t7nK2xcE-H2919renwLFI5Xz1ii2S7-,whisper_segments.csv,transcripts,csv_timestamps,YoGUM0AsXJI
1F-8xpYJQwHp7ee_YvZB6XL_AfHgtgobM,downloaded,87,101,retention.csv,1nWGp-Zc6j3yddjgPtO7PfutdiAY0qa6E,ok,ok,1g2tjKtVp5pK8FXkSNA0lBMjmdcf5U8dT,whisper_segments.csv,transcripts,csv_timestamps,YubjPoEmzgU
1nKBPgfVW7inIqCW1MZZ4qM9bQq7US9xx,downloaded,88,101,retention.csv,1Aa3PBM5z1dz0A5kA9mUPL4ZOc3mKYnUD,ok,ok,1e_QhPCNkcA-HxU1MyzGSu9Cgo8CHYZLw,whisper_segments.csv,transcripts,csv_timestamps,yv4o4Epz1eM
1d-Nsi-zXcD5gJF1IprSi4Jh8Fgu6gROY,downloaded,89,101,retention.csv,1I7MAPMxde1nOXjzKuLeM-w_Hatsu5Hs0,ok,ok,1133rhjE4hlv6lcwiFEPRBig8uFfy65Jm,whisper_segments.csv,transcripts,csv_timestamps,yXaJpj7Bb9w
1zYIeynIHxlUSeK4m0_gIj1E8NPUvVuh7,downloaded,90,101,retention.csv,1qh8bsffMxB5cdtju0yIKqVuU8SD3hkFU,ok,ok,13WnaADCr9GptQYryR8g8_smytu89pNXG,whisper_segments.csv,transcripts,csv_timestamps,Z6cbf9WN0c4
