feature,importance
duration_seconds,3.689096487897676
out__centroid__max,2.8826736971086606
emotion__energy_density,1.8213996783162805
interval_label_mean__trigger_watch_to_end,1.606270757213555
out__screencast_prob__q75,1.186311619098634
out__screencast_prob__mean,1.1504159396291307
out__loudness_variance__min,0.9758778161691185
out__zcr__max,0.9520117243173382
out__pitch_mean__median,0.940026575903611
out__screencast_prob__trend,0.9270746931102983
expectation_alignment_score,0.9210055616350424
interval_label_mean__promise_result,0.8753382955989141
integration_evidence_count_max,0.8338128328989199
out__flow_mag_med__trend,0.7892185009216384
out__pause_rate__max,0.7222770939340412
evidence_concreteness_density_mean,0.7024702645768673
linguistic__foreign_terms_count,0.6998431309283817
out__radial_med__trend,0.6675387422646489
out__screencast_prob__std,0.6511139838911528
out__text_prob__max,0.6503477313867021
out__motion_speed__mean,0.6379253843756475
out__overlay_prob__trend,0.6277927195224573
linguistic__avg_sentence_length,0.618247421977089
abstract_total_count,0.6137995416026129
out__rms__max,0.6038488834310872
evidence_analytical_intervals,0.586197849265187
out__brightness__std,0.5798466910822602
out__motion_speed__q25,0.5728919318567854
out__visual_entropy__trend,0.559439766011859
out__radial_med__median,0.5508524493981218
out__pitch_mean__q25,0.5483149042742225
out__loudness_variance__max,0.5391392147828294
emotion__positive_emotion_ratio,0.5350875381905315
out__bumper_score__mean,0.5276169356561058
out__sharpness__median,0.5104511782204523
out__is_ad_x_viewer_address__mean,0.5102965326053528
out__text_prob__trend,0.5065816792474569
linguistic__flesch_reading_ease,0.49417598832703435
out__speaker_prob__std,0.4911275881606819
interval_label_mean__trigger_urgency,0.4865536230724045
out__screencast_prob__q25,0.4745339328818928
integration_suggested_next_step_present,0.4738864678517365
out__rms__q75,0.4687780304182782
out__pitch_std__trend,0.46646843578258995
out__has_example__max,0.46059822256364386
out__bumper_score__std,0.45548080974461186
out__loudness_change__min,0.454246607212788
out__radial_med__max,0.4425114312916661
out__loudness_variance__trend,0.43959796255732125
out__bumper_score__max,0.43286518369678206
out__edit_pace__trend,0.43101095975769066
out__pause_rate__std,0.42978797145037473
out__motion_speed__max,0.4295901467521213
out__voiced_frac__max,0.4282994129789611
out__bumper_score__trend,0.42762816745751664
out__brightness__max,0.4275091870530415
interval_label_mean__solution_fast,0.42330054037874565
out__depth_variance__mean,0.42209575848645886
out__visual_entropy__median,0.41847250973213096
segments_count,0.4173550537165556
out__n_chapters__mean,0.41535782732924575
abstract_intervals_with_feature,0.4131509870074926
out__visual_entropy__std,0.41133267227782255
out__rolloff__max,0.41038183877529744
out__screencast_prob__max,0.4059108532225627
out__loudness_change__trend,0.4017482603193591
out__speech_complexity__q25,0.3935404171183478
out__zcr__trend,0.3927843523706842
out__visual_entropy__q25,0.3916474289310653
integration_confidence,0.3900592989519595
out__brightness__min,0.38792171557305954
integration_present,0.3821613381041853
out__brightness__mean,0.37749445386099995
out__screencast_prob__median,0.3763271418791786
out__visual_topic_shift__min,0.37511509347216876
out__motion_speed__trend,0.3712129066729032
out__centroid__median,0.3676484778460595
interval_label_mean__solution_radical,0.35895504471877915
out__n_chapters__q25,0.35647074393386
linguistic__avg_word_length,0.3546690747034488
out__flow_mag_med__mean,0.3544766614242651
out__speech_rate_cv__max,0.3538938125312615
out__speaker_prob__max,0.3530551999540931
emotion__personal_pronoun_ratio,0.3527260197809753
out__rms__min,0.34929168233572694
out__radial_ratio__std,0.3473938558960849
out__radial_med__std,0.3415033618222015
interval_label_mean__why_important,0.3412675499106159
linguistic__rare_word_ratio,0.3408599253376441
out__zcr__min,0.3397554930942705
out__rolloff__q75,0.33844431715473294
out__brightness__median,0.3366260254017514
out__speech_rate_cv__std,0.3308303085496932
out__chapter_id__q75,0.3207787767907333
out__pitch_mean__trend,0.32061925633348837
out__sharpness__trend,0.3204176332291448
interval_label_mean__problem_consequence,0.3193451906254577
out__voiced_frac__std,0.3191102655567033
out__flow_mag_med__q25,0.31846637552278734
out__pause_rate__trend,0.31430134272026905
out__rolloff__std,0.3070813712309514
out__scene_novelty__max,0.3042755811219291
out__rms__q25,0.3037060510483274
out__centroid__std,0.3024933982863177
emotion__negative_emotion_ratio,0.3023982668738381
out__viewer_address__mean,0.2998086566345445
out__sharpness__q75,0.29669090495642003
out__text_prob__std,0.2964099053732333
out__loudness_change__max,0.2963645967297337
out__overlay_prob__max,0.29580012940606754
out__is_ad_x_viewer_address__std,0.29454227485779655
out__topic_change_rate__median,0.2939828743962714
out__radial_med__min,0.2930303352143477
out__edit_pace__max,0.292609499721438
out__pitch_std__std,0.28852627186898294
out__viewer_address__trend,0.2881928401201262
out__pitch_mean__mean,0.28418562098033534
out__pitch_mean__std,0.28392610622842535
out__rms__mean,0.2831015293608233
out__centroid__trend,0.2828799767727885
out__voiced_frac__mean,0.2816855375085125
evidence_water_ratio_mean,0.2811507909932179
out__pitch_std__max,0.2808407573534858
out__motion_speed__std,0.2789620602931282
out__screencast_prob__min,0.27877680580040276
out__flow_mag_med__max,0.27740469565880527
out__flow_mag_med__std,0.27325752018717137
out__loudness_change__q25,0.2718076153035146
out__rms__median,0.2710302120375147
out__pitch_std__q75,0.2693617879351159
out__hook_score__std,0.26621455648098186
out__hook_has_address__median,0.26426233224123963
out__rolloff__trend,0.2596710153625355
out__sharpness__std,0.25822701202286824
out__cultural_ref_cnt__trend,0.25688177975645904
out__speaker_prob__trend,0.25678625715774067
out__radial_ratio__max,0.25639130527718135
out__visual_entropy__mean,0.25412631671072144
out__pitch_std__q25,0.2524346353343533
out__loudness_variance__median,0.25240664661412227
out__overlay_prob__std,0.25048538161056555
out__visual_entropy__max,0.24926767968013883
out__voiced_frac__trend,0.24705155299953907
out__depth_variance__median,0.24620725604957094
out__rms__trend,0.24553151600861384
out__pitch_mean__q75,0.24409771994281207
out__pitch_std__min,0.2398445716570397
out__radial_ratio__mean,0.23811849277722408
out__radial_ratio__median,0.23689589954617135
abstract_intervals_total,0.2366221400455924
interval_label_mean__pain_point,0.23396542806024342
out__hook_has_address__q75,0.233183378820695
out__radial_med__q75,0.23310539485056872
evidence_authority_intervals,0.22875778270767164
out__rms__std,0.22558802073701928
out__centroid__q25,0.22550558049725766
out__beat_sync_ratio__max,0.22504681632586512
out__centroid__q75,0.2242532898716698
out__voiced_frac__median,0.22389072510241106
out__n_chapters__q75,0.22252653356799515
out__pitch_std__mean,0.2218258101815763
out__voiced_frac__q25,0.22091765868647273
out__sharpness__q25,0.21969879988763744
out__loudness_variance__std,0.21740871093097525
out__is_ad__max,0.2168585304146131
out__flow_mag_med__q75,0.2160287910942153
out__audio_self_similarity__trend,0.21022320470675618
out__sharpness__min,0.20795574769497313
out__hook_has_address__min,0.2071295543109545
out__speech_rate_cv__mean,0.20680791483223684
out__centroid__mean,0.20482326033586024
out__radial_med__q25,0.20143382538520635
out__pause_rate__q75,0.19991732518656075
out__audio_topic_shift__std,0.199382033090111
out__audio_novelty__trend,0.1977106158679941
out__text_prob__mean,0.1972219041343904
out__n_ad_segments__q25,0.1942541458075593
out__n_chapters__median,0.19262832759817228
out__unique_classes__median,0.1910651361416506
out__radial_ratio__q25,0.18986455899593002
out__pitch_std__median,0.18880523655800546
out__unique_classes__q75,0.1870318381711711
out__loudness_variance__mean,0.18678258265960174
emotion__emotional_polarity_ratio,0.1863523761464421
out__radial_ratio__q75,0.18632840875447526
expectation_mismatch_points_count,0.18559977730625016
out__n_ad_segments__mean,0.17894012951975424
out__loudness_change__mean,0.1756643953502007
out__radial_ratio__trend,0.17443049611540964
out__edit_pace__mean,0.1735535517777477
out__is_ad_x_viewer_address__max,0.17327885717266875
out__speech_rate_cv__trend,0.16877755740993527
out__rolloff__median,0.16861259753199861
out__pause_rate__mean,0.16809345774159473
linguistic__subordinate_clause_ratio,0.1671875738668661
out__unique_classes__max,0.16705657907348484
out__motion_speed__median,0.16643570887996276
out__speech_rate_cv__q25,0.16490629533749937
out__zcr__q75,0.16468329302796728
out__depth_variance__q25,0.16291657811817073
out__speaker_prob__median,0.16071211285386416
out__zcr__median,0.15933204403983664
out__brightness__trend,0.15899810450270507
out__edit_pace__std,0.1589101814762579
out__hook_has_address__max,0.15845996155422154
out__visual_entropy__min,0.15842276404989344
out__rolloff__mean,0.15744738639387862
out__audio_novelty__max,0.15664648573986453
out__sharpness__mean,0.15453651583901268
out__visual_entropy__q75,0.1538542370605276
out__loudness_change__std,0.15332871873868056
out__pitch_mean__max,0.15309077520085362
out__overlay_prob__q75,0.15216630633858638
out__is_intro__max,0.1491346881230731
out__flow_mag_med__median,0.14830534590632033
out__audio_topic_shift__min,0.14682672552683587
out__motion_speed__q75,0.14579240062513563
out__is_ad_x_viewer_address__trend,0.1457762330747711
out__brightness__q25,0.14502361053150806
out__rolloff__q25,0.141791743595325
out__speech_rate_cv__median,0.1401086989613991
out__audio_topic_shift__trend,0.13847586419296823
out__n_chapters__max,0.13744065844407824
out__visual_topic_shift__q75,0.1367572743079528
out__radial_med__mean,0.13575312816603388
interval_label_mean__quick_tip,0.13500550753849078
out__audio_hook_similarity__trend,0.13366226131363904
out__lexical_diversity__q25,0.13360389873294884
out__wps__mean,0.13339045899783147
out__loudness_variance__q75,0.1306354327026518
out__loudness_variance__q25,0.1305032858162174
out__beat_sync__std,0.12874676646010966
out__scene_novelty__trend,0.12863113668591408
out__unique_classes__q25,0.12806213529166144
out__speech_complexity__median,0.12697551704393784
out__object_count__median,0.12510061066053965
interval_label_mean__solution_simple,0.12464401889798364
out__scene_novelty__median,0.12403651237238762
out__loudness_change__q75,0.12213593300140237
out__beat_sync__max,0.12181561705739267
out__visual_hook_similarity__q75,0.12180522155309521
out__zcr__std,0.11316161295974585
out__brightness__q75,0.11306598822572021
out__speech_complexity__mean,0.11112246867065945
out__object_count__q25,0.11074079076445799
out__beat_sync__trend,0.11073684825500198
out__lexical_diversity__q75,0.11055037666770505
out__curiosity_gap__max,0.10877334891309438
out__depth_variance__max,0.10817847722073036
out__n_ad_segments__median,0.10702596471680852
out__question_density__max,0.10668929486849858
out__storytelling__trend,0.10570800181712767
out__beat_sync_ratio__trend,0.10539276291981703
out__speaker_prob__q75,0.10463928467463887
out__ad_segment_length__max,0.10312516397955906
out__topic_shift__trend,0.10239696061419733
out__zcr__mean,0.10217394529349554
out__text_prob__q75,0.10070726104329146
out__overlay_prob__median,0.10055924347848995
out__speech_complexity__trend,0.10045127235352141
out__sharpness__max,0.0981736203214589
out__wps__std,0.09757105027102576
out__ad_density_percent__std,0.09655134015596285
out__hook_score__median,0.09638221505985249
out__scene_novelty__q25,0.0943743526783216
out__lexical_diversity__min,0.09285572391125148
out__pause_rate__median,0.09243740740609085
out__avg_word_length__q75,0.09054143612724817
out__loudness_change__median,0.09020688721579805
out__hook_score__q25,0.08948740084639091
out__crutch_cnt__q75,0.08653954462068536
out__edit_pace_x_screencast__max,0.08594400149625618
out__speaker_prob__q25,0.08568731009120782
out__question_density__median,0.08548551272304473
out__ekman_joy__trend,0.08537555383110398
out__viewer_address__max,0.08383773982764625
out__question_density__q75,0.08351051200314252
out__cultural_ref_cnt__q75,0.08349309083194703
out__speech_rate_cv__q75,0.08336191273108574
out__crutch_cnt__trend,0.08311568214544307
out__audio_self_similarity__median,0.08289877173022574
out__scene_novelty__q75,0.08190034269604905
out__overlay_prob__mean,0.08148957158367577
out__beat_sync_ratio__mean,0.0786383195800571
out__zcr__q25,0.07548842082257125
out__n_chapters__min,0.07486221245936911
out__speech_complexity__q75,0.07360535306987126
out__segment_self_similarity__max,0.07313559085784667
out__voiced_frac__q75,0.07304156538431195
out__edit_pace_x_screencast__std,0.07178143784198425
out__visual_hook_similarity__min,0.07056981156460115
out__has_example__q75,0.06997318092605696
out__question_density__trend,0.0688560158398928
out__ad_density_percent__median,0.06876665480335815
out__audio_self_similarity__q75,0.0683262945087283
out__visual_self_similarity__std,0.06824722830855481
out__n_ad_segments__min,0.06745855709745825
out__viewer_address__std,0.06700610580624507
out__crutch_cnt__std,0.06552033526176759
out__hook_has_address__mean,0.06498814154916864
out__ad_density_percent__max,0.06420459794084582
out__syntactic_depth__min,0.0638077189365938
out__audio_momentum__trend,0.06234504198053582
out__syntactic_depth__max,0.06228877571161611
out__ad_segment_length__std,0.06212787506538161
out__avg_word_length__max,0.06199148047769647
out__hook_has_address__q25,0.06116473255092273
out__chapter_id__q25,0.060874764603080056
out__chapter_id__median,0.06065124614891143
out__lexical_diversity__median,0.060633667128067115
out__question_density__mean,0.060247493168425294
out__wps__max,0.05980565609073167
out__syntactic_depth__q75,0.05952055095565621
out__avg_word_length__q25,0.0594352389557395
out__speaker_prob__mean,0.059304855794271326
out__hook_score__q75,0.05900251301916237
out__depth_variance__q75,0.058804179742235986
out__object_count__trend,0.05770300697383503
out__scene_novelty__std,0.056786705965202314
out__beat_sync__mean,0.05571829566109445
out__depth_mean__trend,0.055347709681590716
out__edit_pace_x_screencast__trend,0.05496869229698398
out__voiced_frac__min,0.054701879528891
out__has_example__mean,0.05469406116262384
out__object_count__q75,0.05436684421964888
out__pitch_mean__min,0.05318055902905632
out__lexical_diversity__max,0.052930174889286585
out__semantic_novelty__trend,0.05284079488788288
out__chapter_id__max,0.052823747628590885
out__hook_score__min,0.05228710014027573
out__visual_momentum__max,0.05197339256616882
out__visual_topic_shift__max,0.051734415127799485
out__unique_classes__mean,0.05132658268099478
out__storytelling__max,0.050615317134904934
out__speech_complexity__std,0.05061475581928818
out__crutch_cnt__max,0.05007090560170037
out__wps__q75,0.049902248730709586
out__segment_self_similarity__q25,0.04982283575308384
out__hook_similarity__trend,0.0494996792865478
out__has_example__std,0.049474125610067594
out__hook_similarity__q75,0.04883619217430749
out__is_ad__mean,0.04844040410261041
out__ad_segment_length__mean,0.04822925617585062
out__lexical_diversity__std,0.048024410676743956
out__ekman_joy__min,0.04781638416943974
out__semantic_novelty__median,0.047389703183653126
out__hook_score__mean,0.047307563016761436
out__cumulative_info__min,0.04663801421418158
out__is_ad__std,0.04602168175204761
out__is_ad__trend,0.04519501627494724
out__semantic_novelty__max,0.04509302690366287
out__ekman_excitement__std,0.04507957176747177
out__storytelling__q75,0.04485601661505374
out__n_ad_segments__max,0.04425281976145533
out__viewer_engagement__trend,0.04399959166356014
out__text_prob__median,0.04391496283508132
out__audio_hook_similarity__mean,0.04385498860883606
out__audio_topic_shift__max,0.04356211379805614
out__visual_momentum__trend,0.04351805728654646
out__hook_score__trend,0.04344752374813165
out__aesthetic_score__trend,0.042912935437586314
out__object_count__mean,0.04283660492527229
out__visual_momentum__mean,0.04278476393034896
out__visual_topic_shift__trend,0.04235172488485298
out__ekman_sadness__trend,0.04224194344481398
out__n_ad_segments__q75,0.04142548350913884
out__segment_self_similarity__trend,0.04095731901212113
out__hook_has_address__trend,0.0398351804316183
out__audio_novelty__q75,0.03903551582725625
out__topic_change_rate__max,0.03870473263208195
out__has_example__trend,0.03855909304686538
out__topic_shift__min,0.03847991309088831
out__speech_complexity__max,0.038189635656201974
out__question_density__std,0.03808939260788899
out__ekman_neutral__trend,0.03799849477928055
out__n_chapters__trend,0.0379416671869192
out__chapter_id__trend,0.037856993034689264
out__edit_pace_x_screencast__mean,0.037556290407173225
out__visual_self_similarity__q75,0.0372129175376433
out__hook_similarity__std,0.03687208548180027
out__visual_topic_shift__median,0.03681932850128613
out__semantic_momentum__q75,0.03661670100941789
out__beat_sync_ratio__std,0.03609139758315665
out__semantic_momentum__min,0.035960453478589505
out__visual_hook_similarity__max,0.03455277470252151
out__ekman_intensity__min,0.03393269928773477
out__audio_self_similarity__min,0.033504274005467835
out__topic_change_rate__trend,0.03330377912532082
out__ekman_joy__q75,0.033158672240152065
out__lexical_diversity__mean,0.03248137600464645
out__audio_momentum__q75,0.032395797788931834
out__aesthetic_score__q75,0.03235780746992593
out__audio_topic_shift__median,0.0323402212563891
out__semantic_novelty__q75,0.03222095336751861
out__avg_word_length__std,0.032205447770715004
out__depth_variance__min,0.031888469297176064
out__syntactic_depth__trend,0.03145414324064446
out__crutch_cnt__mean,0.031031374206288324
out__ekman_intensity__trend,0.030331070364402423
out__wps__q25,0.029759292503942485
out__ekman_intensity__q25,0.02973493330608066
out__object_count__max,0.0293695306809672
out__ekman_intensity__max,0.02906322965920946
out__segment_self_similarity__std,0.0290601412929672
out__visual_self_similarity__trend,0.028227462200897904
out__speech_complexity__min,0.028163817330878534
out__cumulative_info__median,0.027187720441773717
out__has_example__median,0.027058309322333808
out__scene_novelty__mean,0.02704018439302053
out__hook_similarity__max,0.027020460557034227
out__audio_momentum__std,0.026683148313596215
out__ad_density_percent__q75,0.026539810091800956
out__semantic_momentum__trend,0.02645165858651586
out__wps__median,0.026323416819735372
out__object_count__std,0.026223108435144048
out__depth_mean__max,0.026196591152616817
out__audio_hook_similarity__max,0.026029342292079677
out__avg_word_length__mean,0.0254688300681923
out__visual_hook_similarity__q25,0.025340161259482154
out__audio_momentum__max,0.025313487145200247
out__audio_hook_similarity__q25,0.025296960108757226
out__is_outro__mean,0.02527284571230366
out__information_density__max,0.024860492248795
out__depth_mean__min,0.024848241813228856
out__hook_score__max,0.02443211825858329
out__ekman_sadness__max,0.024410892540334485
out__audio_topic_shift__q25,0.02417330534811003
out__visual_hook_similarity__std,0.02352103356433285
out__depth_variance__std,0.02350043873742919
out__avg_word_length__trend,0.023443338789415263
out__visual_momentum__q75,0.02330857092337658
out__audio_hook_similarity__q75,0.023206049381747904
out__wps__trend,0.02314001438091932
out__ad_segment_length__trend,0.023030625578218413
out__is_question__trend,0.022843074262891505
out__aesthetic_score__median,0.02282914066779511
out__topic_change_rate__q75,0.022722890364908717
out__ekman_sadness__std,0.0226240481655181
out__depth_mean__std,0.022614922328311235
out__ekman_excitement__trend,0.022520678920549
out__semantic_novelty__std,0.02220801136185244
out__audio_self_similarity__q25,0.022194612130826102
out__cultural_ref_cnt__min,0.02219383344116116
out__cultural_ref_cnt__std,0.021811923588987474
out__semantic_momentum__mean,0.021451137851608213
out__ad_density_percent__mean,0.0213800483513878
out__ad_density_percent__min,0.021186580355253597
out__is_question__max,0.02117461991487452
out__syntactic_depth__q25,0.02104359349619877
out__aesthetic_score__max,0.020666714914708458
out__ekman_joy__q25,0.020639808437628686
out__depth_variance__trend,0.02043432000943747
out__topic_shift__max,0.02027155429506336
out__visual_momentum__median,0.020212270683342873
out__semantic_momentum__max,0.02019303855043871
out__visual_hook_similarity__trend,0.020122167382723457
out__is_outro__trend,0.019620210264426723
out__curiosity_gap__mean,0.019567371049021762
out__is_outro__std,0.01946230400562819
out__aesthetic_score__min,0.019372199470182302
out__audio_momentum__q25,0.019150165537104986
out__visual_topic_shift__mean,0.01881347074135968
out__topic_shift__q75,0.01871966662829387
out__audio_self_similarity__std,0.018653582436406142
out__syntactic_depth__mean,0.018434047338010233
out__is_intro__std,0.018420992917763175
out__lexical_diversity__trend,0.018192994993399495
out__audio_novelty__min,0.018186413017913943
out__segment_self_similarity__mean,0.018062452943738455
out__visual_self_similarity__q25,0.017800249823075907
out__syntactic_depth__median,0.017556664705089427
out__syntactic_depth__std,0.017455284356423857
out__audio_novelty__median,0.017424454011303638
out__ekman_joy__max,0.017404371513387498
out__is_outro__max,0.01740110477784611
out__viewer_engagement__q75,0.01734798146753363
out__audio_hook_similarity__std,0.017250175409580345
out__visual_topic_shift__std,0.017243392062664894
out__viewer_engagement__q25,0.017112007421210447
out__ekman_neutral__median,0.01705660447077218
out__ekman_intensity__q75,0.016909035179611752
out__ekman_joy__std,0.016895690658349078
out__visual_topic_shift__q25,0.016691540130727305
out__information_density__min,0.016224535460812595
out__curiosity_gap__trend,0.016172980405946478
out__aesthetic_score__q25,0.016013316955817817
out__ekman_joy__mean,0.015956895790399366
out__ekman_neutral__mean,0.015827050784425152
out__is_question__mean,0.015655011428575824
out__audio_novelty__q25,0.015261666878821134
out__segment_self_similarity__q75,0.015038791587360935
out__information_density__q75,0.014747607999163331
out__semantic_momentum__q25,0.0146464336978851
out__curiosity_gap__std,0.014564086603296188
out__ekman_neutral__q25,0.014548399835119224
out__avg_word_length__min,0.014248407442588719
out__storytelling__median,0.01371797551601449
out__audio_novelty__mean,0.013577303892654418
out__unique_classes__trend,0.01352749267982599
out__is_intro__trend,0.013463344336838604
out__hook_similarity__median,0.013310535188588993
out__audio_novelty__std,0.013110548918501021
out__topic_change_rate__std,0.01295744982612059
out__depth_mean__mean,0.012728676713496664
out__is_question__std,0.012719352936408463
out__ekman_neutral__std,0.012507969749861462
out__visual_self_similarity__min,0.012389049912829951
out__ekman_excitement__max,0.012355408362752892
out__ekman_excitement__mean,0.012248638094820793
out__visual_self_similarity__mean,0.012218068255409808
out__viewer_engagement__std,0.012187071803838375
out__avg_word_length__median,0.011998355739301891
out__topic_shift__q25,0.011958939059038923
out__topic_shift__median,0.011918461615697049
out__cumulative_info__q25,0.011815094790785217
out__ekman_intensity__median,0.01171354982235046
out__information_density__mean,0.011619402805591856
out__text_prob__q25,0.011601798268868082
out__semantic_novelty__q25,0.011573155362236524
out__cultural_ref_cnt__mean,0.011510309220595498
out__ad_density_percent__trend,0.011390805919677895
out__segment_self_similarity__median,0.011058189922517806
out__audio_self_similarity__max,0.01095713485287554
out__audio_hook_similarity__min,0.010875360033587387
out__information_density__std,0.01078212587450498
out__storytelling__std,0.010671466739862854
out__semantic_momentum__std,0.010658644459700353
out__information_density__trend,0.010533301178202729
out__ekman_joy__median,0.010307603238614547
out__cumulative_info__trend,0.010157541530617209
out__n_ad_segments__trend,0.009921602645149252
out__cumulative_info__max,0.00990104353810068
out__aesthetic_score__mean,0.009894817599367958
out__viewer_engagement__max,0.009758167510622879
out__cumulative_info__std,0.009612699989616951
out__visual_self_similarity__median,0.009610397288046277
out__is_intro__mean,0.009601828363203602
out__unique_classes__std,0.009417467276540392
out__audio_momentum__mean,0.009406611359611084
out__storytelling__mean,0.009311893253740567
out__ekman_neutral__q75,0.00926622706790122
out__semantic_momentum__median,0.009162683683096568
out__information_density__median,0.009156485119278678
out__cumulative_info__mean,0.009059648096046187
out__hook_similarity__mean,0.00900751082268733
out__audio_self_similarity__mean,0.008868523089730592
out__topic_shift__std,0.008785078456852226
out__audio_momentum__median,0.00845178367827417
out__depth_mean__median,0.007823518480443667
out__hook_similarity__q25,0.0077939325597649895
out__cultural_ref_cnt__q25,0.007548750949251839
out__cultural_ref_cnt__median,0.007065103177247778
out__ad_density_percent__q25,0.006748308153510897
out__semantic_novelty__mean,0.006535626217300028
out__visual_momentum__q25,0.0064650521179156146
out__viewer_engagement__median,0.006439320486133961
out__chapter_id__mean,0.00625557711233099
out__topic_change_rate__mean,0.005968218063591825
out__ekman_sadness__mean,0.0059072096440621795
out__audio_hook_similarity__median,0.00587076708441855
out__viewer_engagement__mean,0.00564110205560955
out__visual_hook_similarity__median,0.00544542757338461
out__topic_shift__mean,0.005320126123529714
out__visual_self_similarity__max,0.005299319564467183
out__chapter_id__std,0.005217405524788195
out__aesthetic_score__std,0.005030411231798412
out__cultural_ref_cnt__max,0.004936731401428223
out__depth_mean__q75,0.004420667736684482
out__visual_momentum__std,0.003686039493245665
out__information_density__q25,0.0032210915410643428
out__audio_topic_shift__mean,0.0032061780794463523
out__ekman_neutral__max,0.00313985656743726
out__visual_hook_similarity__mean,0.003071445573235675
out__depth_mean__q25,0.002983028279145966
out__audio_topic_shift__q75,0.0027442454201374194
out__cumulative_info__q75,0.002163299747789622
out__ekman_intensity__std,0.0017576413802399872
out__ekman_intensity__mean,0.001673394250347417
out__overlay_prob__q25,0.001459087762378659
channel_subscribers,0.0
linguistic__technical_term_density,0.0
out__speaker_prob__min,0.0
out__text_prob__min,0.0
out__motion_speed__min,0.0
out__edit_pace__min,0.0
out__edit_pace__median,0.0
out__edit_pace__q25,0.0
out__edit_pace__q75,0.0
out__scene_novelty__min,0.0
out__overlay_prob__min,0.0
out__bumper_score__min,0.0
out__bumper_score__median,0.0
out__bumper_score__q25,0.0
out__bumper_score__q75,0.0
out__flow_mag_med__min,0.0
out__radial_ratio__min,0.0
out__centroid__min,0.0
out__rolloff__min,0.0
out__pause_rate__min,0.0
out__pause_rate__q25,0.0
out__speech_rate_cv__min,0.0
out__beat_sync__min,0.0
out__beat_sync__median,0.0
out__beat_sync__q25,0.0
out__beat_sync__q75,0.0
out__beat_sync_ratio__min,0.0
out__beat_sync_ratio__median,0.0
out__beat_sync_ratio__q25,0.0
out__beat_sync_ratio__q75,0.0
out__wps__min,0.0
out__viewer_address__min,0.0
out__viewer_address__median,0.0
out__viewer_address__q25,0.0
out__viewer_address__q75,0.0
out__crutch_cnt__min,0.0
out__crutch_cnt__median,0.0
out__crutch_cnt__q25,0.0
out__is_ad__min,0.0
out__is_ad__median,0.0
out__is_ad__q25,0.0
out__is_ad__q75,0.0
out__ad_segment_length__min,0.0
out__ad_segment_length__median,0.0
out__ad_segment_length__q25,0.0
out__ad_segment_length__q75,0.0
out__n_ad_segments__std,0.0
out__hook_similarity__min,0.0
out__segment_self_similarity__min,0.0
out__semantic_novelty__min,0.0
out__hook_has_address__std,0.0
out__is_question__min,0.0
out__is_question__median,0.0
out__is_question__q25,0.0
out__is_question__q75,0.0
out__chapter_id__min,0.0
out__n_chapters__std,0.0
out__topic_change_rate__min,0.0
out__topic_change_rate__q25,0.0
out__curiosity_gap__min,0.0
out__curiosity_gap__median,0.0
out__curiosity_gap__q25,0.0
out__curiosity_gap__q75,0.0
out__storytelling__min,0.0
out__storytelling__q25,0.0
out__viewer_engagement__min,0.0
out__has_example__min,0.0
out__has_example__q25,0.0
out__is_intro__min,0.0
out__is_intro__median,0.0
out__is_intro__q25,0.0
out__is_intro__q75,0.0
out__is_outro__min,0.0
out__is_outro__median,0.0
out__is_outro__q25,0.0
out__is_outro__q75,0.0
out__visual_momentum__min,0.0
out__object_count__min,0.0
out__unique_classes__min,0.0
out__audio_momentum__min,0.0
out__edit_pace_x_screencast__min,0.0
out__edit_pace_x_screencast__median,0.0
out__edit_pace_x_screencast__q25,0.0
out__edit_pace_x_screencast__q75,0.0
out__is_ad_x_viewer_address__min,0.0
out__is_ad_x_viewer_address__median,0.0
out__is_ad_x_viewer_address__q25,0.0
out__is_ad_x_viewer_address__q75,0.0
out__question_density__min,0.0
out__question_density__q25,0.0
out__ekman_excitement__min,0.0
out__ekman_excitement__median,0.0
out__ekman_excitement__q25,0.0
out__ekman_excitement__q75,0.0
out__ekman_sadness__min,0.0
out__ekman_sadness__median,0.0
out__ekman_sadness__q25,0.0
out__ekman_sadness__q75,0.0
out__ekman_neutral__min,0.0
