,feature,importance,shap_mean,group,method
0,motion_speed,1.1784315053409522,0.06754920941661649,visual_motion,SHAP_mean_abs
1,viewer_address,0.619384465299094,0.12793071883028062,text_content,SHAP_mean_abs
2,centroid,0.5260838456067326,-0.00471641392663016,audio_basic,SHAP_mean_abs
3,radial_ratio,0.4314417267376456,-0.030200208136947484,visual_motion,SHAP_mean_abs
4,hook_score,0.4306313678407617,0.006053338285581195,hook,SHAP_mean_abs
5,pause_rate,0.38515594788637647,-0.0066122126699059,audio_speech,SHAP_mean_abs
6,rolloff,0.3499153729270241,-0.017252031756833142,audio_basic,SHAP_mean_abs
7,speech_rate_cv,0.33531800187834543,0.00519756762504933,audio_speech,SHAP_mean_abs
8,hook_score_x_time_pct,0.3258999913469665,0.030772457679154878,interaction,SHAP_mean_abs
9,sentiment_intensity,0.3006487707862255,0.01140450832592226,unknown,SHAP_mean_abs
10,scene_novelty,0.2987893971518417,-0.01682017469935559,visual_motion,SHAP_mean_abs
11,edit_pace,0.27591140427988387,0.00039818447696636435,visual_motion,SHAP_mean_abs
12,topic_shift,0.2560904601774257,-0.0387043562113526,unknown,SHAP_mean_abs
13,sentiment_polarity,0.22234404310025854,-0.013283808015374543,unknown,SHAP_mean_abs
14,beat_sync,0.2221249167123993,-0.017030532447070264,audio_music,SHAP_mean_abs
15,sharpness,0.20889642657541402,-0.020866030331419344,visual_quality,SHAP_mean_abs
16,syntactic_depth,0.19045936090919774,-0.023064829225088245,text_complexity,SHAP_mean_abs
17,speech_complexity,0.16800638312539992,-0.027976817149393707,text_complexity,SHAP_mean_abs
18,text_prob,0.13792192762277058,0.023544384592130825,visual_content,SHAP_mean_abs
19,frame,0.12040580317039544,0.008127409702420674,visual_motion,SHAP_mean_abs
20,ad_density_pct,0.11624104798183338,0.015092710496395758,ad,SHAP_mean_abs
21,fear,0.110528884678261,-0.00824327706781466,emotion,SHAP_mean_abs
22,cinematic,0.10331697712494559,-0.00023455191506165608,visual_quality,SHAP_mean_abs
23,loudness_change,0.09669830075110077,-0.005474985268196108,audio_loudness,SHAP_mean_abs
24,vocal_rolloff,0.09648952310532093,0.012548004947731273,audio_vocal,SHAP_mean_abs
25,brightness,0.09521573748808766,-0.020662894834788708,visual_quality,SHAP_mean_abs
26,beat_sync_ratio,0.09141780690717653,-0.01352461774394763,audio_music,SHAP_mean_abs
27,wps,0.09022200226735684,-0.00750136569305149,audio_speech,SHAP_mean_abs
28,question_density,0.08665913405166926,-0.005800268612180111,unknown,SHAP_mean_abs
29,music_zcr,0.08612960753638695,0.022720442342908754,audio_music,SHAP_mean_abs
30,vocal_zcr,0.08267498889137623,-0.003123842203336629,audio_vocal,SHAP_mean_abs
31,ad_segment_length,0.08085548329789971,-0.02686639485701919,ad,SHAP_mean_abs
32,vocal_rms,0.07893268558654677,0.02517113196556031,audio_vocal,SHAP_mean_abs
33,lexical_diversity,0.07236196106910509,-0.016364373456345647,text_complexity,SHAP_mean_abs
34,disgust,0.07096282540074428,0.00019526479052705737,emotion,SHAP_mean_abs
35,n_ad_segments,0.07062131362838868,-0.014019873876295871,ad,SHAP_mean_abs
36,happy,0.06472680272106292,-0.009415557290501949,emotion,SHAP_mean_abs
37,flow_mag_med,0.06403785902294848,-0.009043411755604747,visual_motion,SHAP_mean_abs
38,cultural_ref_density,0.06140120321508019,-0.0078314236142787,unknown,SHAP_mean_abs
39,radial_med,0.05722732929489418,0.005297112108910451,visual_motion,SHAP_mean_abs
40,surprise,0.05162907675940186,-0.0023620240586352064,emotion,SHAP_mean_abs
41,zcr,0.04923587094405196,0.005563744483950109,audio_basic,SHAP_mean_abs
42,filler_density,0.048803812022993796,-0.001307527837828049,unknown,SHAP_mean_abs
43,avg_word_length,0.04627010127976147,-0.004970975893650683,text_complexity,SHAP_mean_abs
44,screencast_prob,0.045829110628997506,0.008072357869755084,visual_content,SHAP_mean_abs
45,is_ad_x_viewer_address,0.04573241751783245,0.00017079809740171823,interaction,SHAP_mean_abs
46,loudness_variance,0.04211831688546338,-0.0018673003615095826,audio_loudness,SHAP_mean_abs
47,music_only,0.040942265737995254,0.0002945155729627017,audio_music,SHAP_mean_abs
48,angry,0.036368527632341066,-0.0017784113125567712,emotion,SHAP_mean_abs
49,rms,0.036056707427474737,-0.0003545206982670173,audio_basic,SHAP_mean_abs
50,music_centroid,0.03599610135936192,0.003936865861705302,audio_music,SHAP_mean_abs
51,vocal_centroid,0.03560510224359801,0.008028207195781942,audio_vocal,SHAP_mean_abs
52,bumper_score,0.03531938674129528,-0.0006781770622695505,visual_content,SHAP_mean_abs
53,speaker_prob,0.026994312966608505,0.0001660080185744197,visual_content,SHAP_mean_abs
54,music_rms,0.026801616703166393,-0.0005468199028081286,audio_music,SHAP_mean_abs
55,face_screen_ratio,0.025451174029671876,0.0014724724115188924,visual_content,SHAP_mean_abs
56,sad,0.02245159289391544,-0.0028507326304861983,emotion,SHAP_mean_abs
57,speech_ratio,0.020662053280014078,-0.0009474540000268275,audio_speech,SHAP_mean_abs
58,music_rolloff,0.019870774473329692,0.0034227019002441702,audio_music,SHAP_mean_abs
59,visual_entropy,0.013399307859956786,-0.0027214067350656485,visual_quality,SHAP_mean_abs
60,neutral,0.012255295198391455,-0.004968392635532145,emotion,SHAP_mean_abs
61,edit_pace_x_screencast,0.011704499639569564,-0.0020888730172970286,interaction,SHAP_mean_abs
62,is_ad,0.00943471190184532,-0.00105324809432388,ad,SHAP_mean_abs
63,silence_stretch,0.0,0.0,audio_speech,SHAP_mean_abs
64,voiced_frac,0.0,0.0,audio_speech,SHAP_mean_abs
65,pitch_mean,0.0,0.0,audio_speech,SHAP_mean_abs
66,pitch_std,0.0,0.0,audio_speech,SHAP_mean_abs
67,hook_has_question,0.0,0.0,hook,SHAP_mean_abs
68,hook_has_address,0.0,0.0,hook,SHAP_mean_abs
69,time_pct,0.0,0.0,temporal,SHAP_mean_abs
