,brightness,sharpness,speaker_prob,face_screen_ratio,text_prob,motion_speed,angry,disgust,fear,happy,sad,surprise,neutral,cinematic,edit_pace,scene_novelty,screencast_prob,bumper_score,visual_entropy,rms,zcr,centroid,rolloff,music_rms,music_zcr,music_centroid,music_rolloff,vocal_rms,vocal_zcr,vocal_centroid,vocal_rolloff,speech_ratio,silence_stretch,music_only,frame,flow_mag_med,radial_med,radial_ratio,wps,viewer_address,question_density,filler_density,pitch_mean,pitch_std,voiced_frac,pause_rate,speech_rate_cv,beat_sync,beat_sync_ratio,is_ad,ad_segment_length,n_ad_segments,ad_density_pct,syntactic_depth,lexical_diversity,avg_word_length,speech_complexity,cultural_ref_density,sentiment_polarity,sentiment_intensity,hook_score,hook_has_question,hook_has_address,topic_shift,loudness_change,loudness_variance,time_pct,edit_pace_x_screencast,hook_score_x_time_pct,is_ad_x_viewer_address
brightness,0.014214901,0.0142609645,0.012871802,0.01188246,0.014188606,0.013097296,0.014434343,0.0145272985,0.012761401,0.013855194,0.014444945,0.015480559,0.014835289,0.0139686745,0.013762591,0.014631875,0.013406744,0.014214484,0.014570988,0.01491408,0.013490625,0.014435855,0.013584187,0.015144041,0.0136359725,0.013821131,0.0146426875,0.0133515755,0.0138682965,0.014554007,0.013786779,0.013509378,0.014916645,0.013459057,0.014203219,0.013383444,0.014838688,0.014560515,0.014571238,0.014923308,0.0146900285,0.013334906,0.0144663565,0.014467355,0.014600014,0.013262995,0.013724295,0.014315833,0.013669591,0.014976547,0.014726377,0.014185933,0.013471658,0.014439638,0.015201878,0.0140857715,0.013609435,0.0152761955,0.013512945,0.0141051505,0.015106287,0.014742171,0.014602175,0.013171406,0.013664817,0.0133874975,0.01441115,0.013791883,0.014546247,0.014277728
sharpness,0.014404679,0.016627189,0.014190588,0.013192859,0.013399424,0.013539914,0.013502698,0.015806597,0.013635734,0.0133530125,0.01385248,0.014185937,0.013713606,0.014869461,0.013286489,0.013740281,0.014198665,0.014102687,0.014131492,0.01554324,0.013523817,0.0130491275,0.014387017,0.016906103,0.014126204,0.013515197,0.01372722,0.014081927,0.014061443,0.013791727,0.013312641,0.014997351,0.014826734,0.013763646,0.01427594,0.014718294,0.014169948,0.0151411155,0.014523627,0.013621695,0.01329166,0.013943267,0.014730255,0.014484329,0.014880311,0.013062681,0.013085389,0.013485746,0.0144518325,0.013362119,0.014763592,0.015085658,0.01267585,0.013473124,0.014120827,0.0142364185,0.014409889,0.0140475165,0.013572117,0.014491139,0.014170815,0.01465474,0.014348923,0.0139114,0.01317877,0.01385697,0.014442433,0.012846621,0.014634459,0.014153233
speaker_prob,0.017385744,0.012181303,0.012579096,0.012399932,0.0137328245,0.0121413525,0.013270737,0.014486304,0.011280406,0.01404278,0.012927499,0.013704598,0.013057424,0.016833082,0.012989659,0.012830522,0.014424348,0.01270019,0.014525967,0.015271984,0.01299905,0.01311738,0.013669685,0.014195666,0.013424993,0.012566271,0.013448821,0.012485953,0.01391812,0.013949567,0.013067048,0.016483959,0.015041785,0.01248637,0.013152454,0.014293548,0.0134150665,0.014954226,0.013247045,0.0141815785,0.016866788,0.014590142,0.019682445,0.020734413,0.018892711,0.0130060585,0.01274968,0.01355681,0.0130364485,0.012904233,0.017253635,0.013153914,0.013299929,0.0137319155,0.013659293,0.0130573325,0.013881091,0.013867203,0.013178609,0.0156596,0.013608966,0.013793403,0.013236677,0.014330055,0.012868682,0.014916187,0.01992349,0.015319889,0.013300637,0.014933236
face_screen_ratio,0.015065085,0.012969223,0.013822155,0.013365893,0.013752697,0.012594154,0.0131399855,0.014736099,0.012152083,0.012163171,0.013204472,0.013464149,0.015182328,0.016019145,0.013075999,0.01318378,0.016064584,0.014405761,0.01446658,0.014247311,0.0141906515,0.014409848,0.013262179,0.015259492,0.014405862,0.012993406,0.013135819,0.013348956,0.014691768,0.012995409,0.013537075,0.015377039,0.01690802,0.013809861,0.013333549,0.013323044,0.013508003,0.013468966,0.013546313,0.014432658,0.014485575,0.013720078,0.017346554,0.017428579,0.017101862,0.013830109,0.012775553,0.013464404,0.013749795,0.013225004,0.01396375,0.013396703,0.014057368,0.014437462,0.012938327,0.013846999,0.013412083,0.013977509,0.013774107,0.014860345,0.014295636,0.013735186,0.014249854,0.014877045,0.012998942,0.013517747,0.016720528,0.01614792,0.013834287,0.015236637
text_prob,0.013747604,0.013231615,0.013528489,0.013421427,0.014598435,0.013695765,0.014481101,0.0143588595,0.013661491,0.0137648955,0.014261564,0.014526997,0.014084299,0.014061281,0.014009064,0.014155837,0.014843406,0.014732244,0.014620504,0.014715615,0.01400195,0.013646414,0.013361505,0.015380368,0.013814408,0.01360884,0.014812241,0.0139523735,0.014684943,0.013741519,0.013555888,0.013940337,0.015048465,0.0135190515,0.014522791,0.014760054,0.013919082,0.014647651,0.013934068,0.014730815,0.014003978,0.015128316,0.014199468,0.014066679,0.014238264,0.013902396,0.013388552,0.013746727,0.013480503,0.013794118,0.014365099,0.01402751,0.013263531,0.013854146,0.013925033,0.013984002,0.013719645,0.014402667,0.013430936,0.01424388,0.014859777,0.014594159,0.013937846,0.013603652,0.014281891,0.01396669,0.014071206,0.014789591,0.0140829515,0.014018511
motion_speed,0.014241952,0.013117969,0.013164949,0.013815848,0.013760775,0.012534287,0.013877149,0.019110246,0.014191551,0.013566892,0.0130795445,0.0143134575,0.013153685,0.01422587,0.013341615,0.013607642,0.018480001,0.013071164,0.013644301,0.01453211,0.012769965,0.0138536915,0.013257273,0.014649913,0.0133255925,0.014088661,0.013006572,0.013213135,0.014467621,0.013697095,0.013323111,0.013989506,0.015815865,0.01363938,0.013567999,0.013724364,0.013325332,0.015602555,0.013045668,0.014186153,0.013303316,0.015423721,0.01581145,0.015805729,0.015540447,0.012969186,0.013533956,0.013925071,0.013989002,0.013381053,0.014355231,0.0138850175,0.014529772,0.013316696,0.013676635,0.013334332,0.01425598,0.014069772,0.014158632,0.013967592,0.015123824,0.014401941,0.013809057,0.013586247,0.0133478595,0.016009219,0.015331615,0.015227566,0.013778125,0.0145085165
angry,0.015038776,0.013455088,0.01268162,0.012454743,0.013614602,0.01266567,0.013270097,0.014519112,0.013303506,0.013439,0.0150471125,0.016340666,0.014965946,0.014845396,0.013093391,0.014287919,0.0146174915,0.014053882,0.0134138,0.014840782,0.013390759,0.013625683,0.014107874,0.01579098,0.013977436,0.013323573,0.013977189,0.013826404,0.013537441,0.01351128,0.013415363,0.013152512,0.014263049,0.014660647,0.015240841,0.014307821,0.014658578,0.017974205,0.013495108,0.014451699,0.013107465,0.013976434,0.014627408,0.014729122,0.014920026,0.01320689,0.0132899955,0.014663653,0.013005955,0.013148896,0.014818097,0.0135100745,0.012863124,0.013578136,0.0134124085,0.013877193,0.013488848,0.01416133,0.013477429,0.013953984,0.020423897,0.014501834,0.013718296,0.0133577995,0.013677016,0.015179696,0.014824022,0.0143847745,0.014135851,0.013877109
disgust,0.014398627,0.013474788,0.01309308,0.012357829,0.013116814,0.013397945,0.014664248,0.011080671,0.01305992,0.012754218,0.017177913,0.015518624,0.016862057,0.014255391,0.013993606,0.013425674,0.015166475,0.014803916,0.013920158,0.016429592,0.014466554,0.013128439,0.013884422,0.018199738,0.01227423,0.0140260905,0.012715055,0.012361292,0.013991362,0.013224513,0.013095273,0.015090112,0.014234414,0.017320842,0.014281514,0.014115322,0.012870755,0.014185423,0.013377069,0.014497161,0.014216095,0.01340868,0.015560659,0.015319377,0.015249072,0.013723465,0.014310433,0.013489022,0.013399763,0.014307968,0.013836017,0.013468643,0.014873743,0.015014173,0.0130027905,0.013715912,0.013357178,0.013857818,0.01393592,0.013292563,0.014540274,0.014961287,0.014718089,0.012830738,0.014402001,0.0143385045,0.015511667,0.014065605,0.013359641,0.014542967
fear,0.012406827,0.013888914,0.014818113,0.011571973,0.013873652,0.013651495,0.013732652,0.01589917,0.013800442,0.013341731,0.013982068,0.0148107605,0.015037743,0.013960311,0.013869701,0.014015622,0.014366481,0.013698576,0.01379252,0.015163784,0.013961518,0.01360268,0.013539864,0.014261147,0.013118868,0.013200769,0.013708271,0.013452371,0.014080986,0.013716161,0.014215315,0.014090181,0.014793018,0.014144206,0.014232922,0.015010818,0.013970384,0.014774036,0.014475036,0.0138021605,0.013418009,0.013849927,0.014517925,0.014638899,0.014439381,0.013672037,0.012876869,0.014223089,0.013413727,0.014391838,0.014965886,0.013913782,0.013695052,0.0137737105,0.014235837,0.014215464,0.01624122,0.014862767,0.013267573,0.014645882,0.0153194815,0.015321016,0.015774122,0.013073336,0.014229611,0.013994591,0.014597692,0.014424039,0.013977757,0.014153298
happy,0.01621193,0.013136357,0.01417538,0.013160905,0.014227854,0.014369952,0.013015956,0.014223851,0.0132614635,0.014815969,0.015726075,0.0140945185,0.019977186,0.013656292,0.013173208,0.014068858,0.013815455,0.013061037,0.01304411,0.01642219,0.014016091,0.01353848,0.013504792,0.014319504,0.014343796,0.013025306,0.014354365,0.013394114,0.014056524,0.013232453,0.01359136,0.01301794,0.015503323,0.013487684,0.014366807,0.013345406,0.013892851,0.015112337,0.014346466,0.01378442,0.01330045,0.013802904,0.015449058,0.015336856,0.015638944,0.01434952,0.014825028,0.014217538,0.013163879,0.013763587,0.015192708,0.014385907,0.013142439,0.013453437,0.013815747,0.01373064,0.013215396,0.014266913,0.012897946,0.013987631,0.015796563,0.014255926,0.013895129,0.012809517,0.014133362,0.013315992,0.015362896,0.013431639,0.014310856,0.013493856
sad,0.01249296,0.013025014,0.012721097,0.0129958745,0.014937002,0.013065556,0.016324177,0.01485605,0.014774531,0.0145791005,0.015057355,0.014604701,0.0121829845,0.0145364795,0.013453681,0.014228109,0.012777595,0.013830393,0.012548892,0.014291463,0.014118474,0.013550751,0.0130409,0.017620232,0.01352491,0.015122242,0.0147485975,0.012866132,0.014377393,0.013540804,0.013372901,0.017390244,0.013976076,0.013231404,0.0141406935,0.013546653,0.013227003,0.013975289,0.01344542,0.014482018,0.01568209,0.013014109,0.016131988,0.015847743,0.01594444,0.0125130005,0.012894779,0.013187524,0.013887607,0.014899185,0.013912141,0.012551616,0.015076568,0.014031414,0.013939761,0.013450287,0.01251703,0.014304219,0.014493125,0.014645709,0.014868314,0.014212369,0.0140561005,0.0146166785,0.013781067,0.013538263,0.015508208,0.017243523,0.014121531,0.013287827
surprise,0.015142381,0.013338201,0.013268849,0.012139978,0.013868937,0.013424676,0.014884032,0.01500571,0.012016094,0.013693667,0.014208624,0.0154605005,0.012765384,0.013746731,0.013425659,0.013236854,0.015037926,0.014711141,0.0152274165,0.014885794,0.013751011,0.013261521,0.013410928,0.0143449865,0.013267231,0.013449268,0.013281047,0.013782948,0.01490075,0.013024965,0.013498132,0.013669471,0.014065271,0.013020534,0.015429362,0.01374721,0.01385586,0.0155546125,0.013665721,0.013921709,0.013277028,0.014912771,0.01474103,0.014659241,0.0149554275,0.01368257,0.013234487,0.014128732,0.013219065,0.015154631,0.013834167,0.014241597,0.013939984,0.014140237,0.014545466,0.0140511375,0.015776575,0.0145454295,0.016301565,0.014528235,0.014717134,0.014024952,0.013497354,0.0137056755,0.014050216,0.015743753,0.014572009,0.014825752,0.013449218,0.014299847
neutral,0.014900846,0.013454277,0.014194852,0.014687345,0.014617552,0.013186034,0.01625747,0.014604385,0.014734977,0.014122933,0.014909394,0.015446374,0.01348027,0.014565261,0.013485821,0.0136219,0.0138426665,0.014281655,0.013969867,0.01480058,0.013518518,0.0135926455,0.013562465,0.015998803,0.013621949,0.01358562,0.015371669,0.01384812,0.01439936,0.013050943,0.01409043,0.013529287,0.014491745,0.013387352,0.014183258,0.014581997,0.01497853,0.0147366,0.013868075,0.014506785,0.014342533,0.013816554,0.01405742,0.014009716,0.014070924,0.014931848,0.013651436,0.014128551,0.014135205,0.014181573,0.014191873,0.013641056,0.013326855,0.013643045,0.013524238,0.01399559,0.013730319,0.01486529,0.013382797,0.013929104,0.014638858,0.014215406,0.014200678,0.013007841,0.013688294,0.013506295,0.014023742,0.013759173,0.013962992,0.013768209
cinematic,0.01322567,0.014262943,0.013874441,0.015825758,0.014940089,0.0137569755,0.014406111,0.0140534155,0.015224284,0.013809665,0.014883425,0.015754525,0.0149519835,0.012343445,0.013018133,0.013923592,0.014014886,0.014510842,0.0147563275,0.014204999,0.01604519,0.013625974,0.01327201,0.015716525,0.0142242685,0.013760231,0.014108989,0.0133158425,0.014507411,0.013506839,0.013803137,0.013301469,0.014321402,0.014384627,0.013266759,0.013042668,0.013787525,0.013964647,0.015675504,0.014561931,0.013378061,0.013373949,0.015050273,0.015067693,0.014869071,0.013637129,0.013729602,0.014678989,0.013351265,0.013404383,0.013811827,0.0138978725,0.012683456,0.01490267,0.013700994,0.014234869,0.0146642085,0.015237789,0.013603975,0.013130178,0.014704502,0.01451055,0.014141114,0.0128661,0.0139029445,0.013082644,0.014984353,0.013540188,0.014786085,0.013388593
edit_pace,0.01533994,0.013423789,0.0134147415,0.012851785,0.013641028,0.01312662,0.014811764,0.016442064,0.013862269,0.013561744,0.01407058,0.015183557,0.014868448,0.013402559,0.0127714,0.01421896,0.0145346625,0.013720615,0.014432977,0.015395358,0.012696163,0.013138147,0.0140612405,0.014321471,0.013411507,0.013926804,0.01420678,0.01414039,0.014710967,0.013317976,0.013238883,0.014112478,0.014795975,0.014397422,0.013885349,0.0139399925,0.013531627,0.0146632455,0.013513116,0.01457862,0.013128946,0.014073648,0.015673842,0.015669685,0.015732992,0.013245757,0.013628753,0.014443689,0.014602717,0.014142603,0.013029255,0.014288977,0.013750566,0.013668016,0.013473851,0.013517812,0.014871959,0.015773367,0.014130605,0.014117189,0.014309576,0.0151117295,0.0144200735,0.014182353,0.014249697,0.01305408,0.015649913,0.012000132,0.014337641,0.014638253
scene_novelty,0.013253052,0.0138666835,0.013409924,0.01318923,0.014123134,0.013115576,0.013717144,0.015209923,0.013967392,0.013401346,0.014049773,0.014434649,0.01445573,0.014865827,0.013422012,0.01291866,0.014132354,0.014207871,0.013680344,0.014874586,0.015478553,0.013945455,0.013521807,0.01568725,0.013240973,0.0138830505,0.01368564,0.013289195,0.014698861,0.013231616,0.014012332,0.014600536,0.014503447,0.013728568,0.014496386,0.014088573,0.014365787,0.013991572,0.014409621,0.013877466,0.013628056,0.014036467,0.015117142,0.0150054945,0.015202001,0.01372795,0.013674881,0.013897554,0.013141615,0.013840422,0.015063742,0.013890587,0.015105389,0.013668532,0.013692115,0.014171741,0.013683924,0.014576143,0.013733904,0.014911395,0.013983291,0.014268206,0.017694317,0.014094846,0.013727485,0.013654206,0.015040788,0.013358844,0.013762867,0.013940351
screencast_prob,0.01379921,0.0138097545,0.013762908,0.012062786,0.01342731,0.012901427,0.014545171,0.016054988,0.013049616,0.013290368,0.015999552,0.015364947,0.015708745,0.013284468,0.013724545,0.013737515,0.010751057,0.013040463,0.013692992,0.015610643,0.013627866,0.01289869,0.015727632,0.017020136,0.013017273,0.012978835,0.01318137,0.0138093075,0.013937507,0.012996534,0.015453462,0.013070764,0.014407607,0.013201631,0.014134916,0.013546608,0.015152414,0.018346118,0.014404329,0.014868344,0.013360849,0.014412076,0.0142935775,0.014198087,0.014292849,0.014369728,0.0137282,0.013185393,0.014072547,0.013984391,0.014448102,0.013458311,0.013511138,0.013265833,0.013062782,0.013915879,0.013511721,0.013824446,0.012927767,0.013404317,0.016661737,0.015987445,0.0147087965,0.013249392,0.01569026,0.012954209,0.014206057,0.017348282,0.013768355,0.01396537
bumper_score,0.0135140885,0.013837267,0.013743438,0.012797917,0.013485447,0.0131956935,0.013719835,0.01579339,0.014089059,0.013073397,0.014266671,0.01465483,0.013731139,0.014183914,0.014366433,0.014546566,0.013548844,0.013934303,0.013173198,0.016974071,0.013970406,0.013722201,0.01474916,0.015228541,0.012812324,0.01334869,0.014239598,0.013246369,0.013847107,0.012914832,0.013196334,0.012801022,0.014145921,0.014070813,0.013879823,0.01724258,0.013963933,0.014480816,0.013512073,0.014095886,0.014373103,0.014169741,0.014893416,0.015192128,0.01505412,0.013512256,0.0135787055,0.014434343,0.013445726,0.014569789,0.014152994,0.014124397,0.012994411,0.013761978,0.013672506,0.014201389,0.013900947,0.014011995,0.016632698,0.013771271,0.01887624,0.0153583195,0.013060065,0.012491314,0.013660524,0.014371107,0.015329648,0.013803512,0.014062872,0.013231156
visual_entropy,0.014400054,0.013387386,0.013348831,0.013570711,0.014028847,0.013329228,0.014804544,0.014026547,0.013505166,0.013115685,0.014940731,0.015699137,0.01354925,0.014549667,0.013782548,0.013712864,0.015098941,0.013512932,0.013645147,0.014901373,0.014817361,0.014070304,0.012703124,0.015665594,0.013280515,0.013466103,0.013636986,0.013475722,0.01495583,0.013565628,0.014880097,0.013445804,0.014434285,0.01368898,0.0147354,0.01288598,0.013699852,0.016014664,0.01354244,0.013904477,0.013283939,0.013122048,0.014788793,0.014732176,0.0148629565,0.012799142,0.014841555,0.015839938,0.01422286,0.013498299,0.015750598,0.014014639,0.013420248,0.013989763,0.013886327,0.013692273,0.0146157,0.014614832,0.013165959,0.014035594,0.014352443,0.014211288,0.013255457,0.014234644,0.014373759,0.015057711,0.014749223,0.013884887,0.014728697,0.0138593
rms,0.013657225,0.014035917,0.013043735,0.012940159,0.013261572,0.012977103,0.014401564,0.0150653655,0.012885125,0.0141277,0.016240302,0.01505574,0.0146780405,0.013648812,0.0140566975,0.013516072,0.013517844,0.0148441605,0.01549557,0.014389986,0.013637096,0.014067588,0.0141203515,0.01628498,0.013435964,0.0129722385,0.013311721,0.013341932,0.015644863,0.013178477,0.014209649,0.0155447405,0.014076041,0.013523042,0.013889536,0.013236569,0.01498786,0.016317777,0.013685361,0.0151367355,0.015452464,0.013562616,0.014582325,0.014418204,0.0146405455,0.014132112,0.01449495,0.014290938,0.012905534,0.01426816,0.014404912,0.013503577,0.012994006,0.0136600025,0.014023844,0.014896568,0.014546851,0.014454549,0.01292436,0.014072275,0.01443731,0.013863469,0.017677149,0.013185771,0.0127491,0.011286802,0.014218671,0.014723446,0.013820773,0.0143389385
zcr,0.013992022,0.013177877,0.013582597,0.0138922725,0.013832234,0.011644639,0.014053891,0.014832095,0.013817515,0.014471164,0.014453573,0.014984056,0.013119228,0.01397476,0.013844641,0.013191346,0.015158805,0.014574082,0.013790483,0.014712675,0.015855335,0.014766071,0.01238942,0.01514034,0.01444465,0.013727775,0.014670178,0.01299755,0.014559848,0.013618416,0.014011208,0.013641424,0.014827154,0.013845134,0.015002466,0.014334915,0.014601318,0.014631592,0.013256665,0.0151778385,0.01500025,0.014050573,0.014313377,0.014088567,0.014333871,0.014805939,0.013532776,0.013426654,0.01358142,0.014456199,0.014731497,0.013815267,0.013135869,0.014349731,0.013355237,0.0136853345,0.014074901,0.015185708,0.013669759,0.013590141,0.0151461065,0.014234832,0.013528023,0.013410989,0.013173623,0.014984276,0.014069123,0.0150655415,0.015053928,0.013908251
centroid,0.014467518,0.014205633,0.01370028,0.013081213,0.013997201,0.013754344,0.0142153865,0.01447737,0.013560681,0.013437299,0.014568558,0.015226606,0.013718867,0.0141563155,0.013619479,0.014493244,0.012834787,0.014093028,0.01345749,0.016456505,0.012574818,0.0133159235,0.015577165,0.015572538,0.013051968,0.013679575,0.013833139,0.014365348,0.015334977,0.013051297,0.013696925,0.01382803,0.015743993,0.013836673,0.0146557875,0.013300031,0.015915418,0.016021121,0.012903353,0.015594822,0.01424134,0.0137331765,0.014985923,0.014822811,0.014910535,0.013187528,0.014022022,0.013625766,0.013591582,0.013676122,0.015445732,0.013638599,0.013080864,0.013742614,0.013496861,0.014202465,0.013990238,0.014107853,0.013508919,0.013563765,0.014671566,0.014221672,0.014102247,0.013882108,0.014354311,0.013729455,0.014751844,0.014176128,0.014122693,0.013487279
rolloff,0.014137949,0.015933067,0.013750318,0.012979602,0.014390738,0.012969381,0.013710555,0.014596416,0.013881145,0.013792571,0.014114264,0.016184751,0.013657629,0.014172623,0.014398353,0.014239211,0.013219802,0.013672377,0.01301132,0.016171679,0.013596255,0.013525672,0.016653802,0.01567642,0.013477236,0.013433881,0.0143244555,0.014127415,0.013559964,0.0134523455,0.014342461,0.013403703,0.014906624,0.013585556,0.014977425,0.014574279,0.015706355,0.014110101,0.013678931,0.0138271535,0.014040967,0.013436664,0.014329797,0.014337102,0.014392113,0.012902375,0.0130341,0.014179748,0.014412428,0.013417494,0.0142293135,0.013919633,0.014391064,0.014630438,0.014074676,0.013863435,0.013442611,0.014583217,0.013632555,0.0136846285,0.0145303495,0.014393012,0.013252785,0.013550923,0.016338142,0.013372328,0.014291642,0.01321513,0.014015529,0.0140756285
music_rms,0.015098473,0.014894193,0.012977741,0.012641607,0.014222329,0.012764715,0.013866076,0.014989315,0.012839644,0.01401978,0.01532368,0.014915647,0.014562189,0.014930239,0.012964077,0.014600262,0.013766592,0.013396988,0.013464776,0.01458302,0.015036605,0.013524666,0.013105087,0.017064601,0.014832793,0.013204624,0.01680908,0.012919119,0.013447354,0.012337476,0.014833468,0.014887348,0.013825487,0.01233229,0.014266218,0.013305269,0.012644958,0.013860336,0.01411135,0.013482843,0.014846822,0.0148446895,0.015700534,0.015526132,0.015479261,0.013684692,0.013099324,0.013697045,0.014363214,0.013776343,0.01606718,0.013688045,0.013436115,0.013304591,0.014247701,0.013217153,0.013556778,0.013740497,0.013375264,0.014222106,0.0152147375,0.016507499,0.013352957,0.013064952,0.014258482,0.014471449,0.015465954,0.013843242,0.013843135,0.013654219
music_zcr,0.014184106,0.01391439,0.013784245,0.013157764,0.014015783,0.013154214,0.013861075,0.013714096,0.013007037,0.014154032,0.014758828,0.014560324,0.014218289,0.014091153,0.012963894,0.01342227,0.014073795,0.012987979,0.014394028,0.015624549,0.013871321,0.013120918,0.013741349,0.016564647,0.016954757,0.011884757,0.014535485,0.017657232,0.01398613,0.013341017,0.015355129,0.015206238,0.014196929,0.014128209,0.014254205,0.013183073,0.013634238,0.014468521,0.0141404485,0.015391251,0.014670385,0.013614427,0.014967361,0.014806397,0.015134001,0.013034366,0.012836983,0.013388828,0.013491958,0.0143854385,0.014514819,0.013893532,0.013769945,0.013995377,0.013314061,0.013805525,0.014110282,0.014975113,0.01373801,0.013504263,0.015308894,0.014090141,0.014484814,0.014005137,0.013049145,0.013878437,0.014566407,0.013177713,0.014202563,0.01407391
music_centroid,0.013364034,0.013286445,0.014386048,0.013923934,0.014135222,0.013859255,0.013938278,0.014987953,0.014787816,0.013263998,0.014263974,0.0147948,0.014344387,0.014254965,0.013131348,0.013754391,0.014710249,0.014851982,0.013982082,0.014651619,0.014118728,0.013895316,0.013535781,0.016483597,0.014864836,0.01269925,0.01307206,0.013488913,0.013557,0.013264434,0.012278656,0.01427019,0.014277149,0.015155314,0.014477837,0.013546692,0.014347713,0.014686385,0.013654398,0.013474547,0.013611825,0.013974685,0.014404157,0.014401985,0.014206067,0.013845539,0.0126979705,0.0139996605,0.013471842,0.014825868,0.014771219,0.0138495695,0.017024023,0.014135493,0.015346415,0.01363213,0.014999276,0.014551412,0.014500911,0.014802055,0.014272714,0.013993314,0.013583093,0.013230557,0.01421874,0.0132546015,0.014360087,0.015051417,0.013647275,0.014221638
music_rolloff,0.014228083,0.013066901,0.013577493,0.013659779,0.013888698,0.014909593,0.01359245,0.015529331,0.014877656,0.014435243,0.014886428,0.015076561,0.015132232,0.014225842,0.012993752,0.014144981,0.013547666,0.013210021,0.013812127,0.014640046,0.0136876255,0.014180753,0.013353946,0.016095176,0.017060075,0.013533995,0.014105998,0.012273891,0.015054312,0.013085192,0.0147065865,0.018734746,0.014209261,0.012598369,0.014364223,0.014074048,0.013627883,0.014013974,0.014731532,0.014279815,0.013541458,0.013309889,0.014315082,0.014324849,0.0144566335,0.0131667955,0.0132130645,0.013597543,0.014103722,0.01348393,0.014826534,0.013716798,0.013040278,0.01416306,0.013757758,0.014675682,0.013611456,0.01438478,0.013372956,0.013427287,0.016154617,0.0142068975,0.0149681205,0.0137357395,0.013424282,0.013126325,0.014274882,0.013267472,0.014206765,0.013738337
vocal_rms,0.014132794,0.013555496,0.013594264,0.013331741,0.014583152,0.013357036,0.013912127,0.017923536,0.01331887,0.013780373,0.014360858,0.01475327,0.01363043,0.014746981,0.013387533,0.01431548,0.015062604,0.014467202,0.014576215,0.017904308,0.01385406,0.014032287,0.015052736,0.012434432,0.012634477,0.011937172,0.012054792,0.012845619,0.015430789,0.011911818,0.016027927,0.01240824,0.014760872,0.01189366,0.013940587,0.014147423,0.013352545,0.0149105145,0.0143002635,0.014121283,0.015769709,0.01465986,0.014443111,0.014595052,0.01468534,0.013797209,0.01403691,0.013742883,0.014893386,0.013992745,0.015158912,0.014146263,0.013601022,0.013995064,0.013740601,0.014466171,0.013590409,0.015107552,0.013766171,0.0138629135,0.01500958,0.014445109,0.013675986,0.012986304,0.013344558,0.013847951,0.014543833,0.013246894,0.0142032895,0.015906908
vocal_zcr,0.015054829,0.013001578,0.013092687,0.01335286,0.014373545,0.012751069,0.013778813,0.013575883,0.014672406,0.0147293955,0.014449108,0.014453958,0.013660237,0.01612655,0.01308619,0.013787245,0.0150232725,0.013914039,0.013576925,0.014770761,0.01392719,0.013686448,0.013732877,0.02095363,0.01276898,0.01421151,0.020198107,0.014498157,0.01093157,0.017894184,0.014350409,0.011683381,0.014256747,0.012891052,0.014283026,0.013574718,0.013327306,0.013764571,0.0133362,0.013430776,0.014012374,0.013371928,0.014248125,0.014520016,0.01451499,0.013925707,0.014612696,0.014140517,0.013685288,0.013399456,0.015702203,0.013930861,0.013821057,0.01374801,0.013496576,0.013217028,0.0131949,0.015159608,0.014398171,0.014647828,0.013830817,0.014555176,0.013393305,0.012532224,0.012994218,0.015582377,0.014405448,0.013306252,0.013538856,0.013728548
vocal_centroid,0.01330913,0.014053753,0.013353346,0.014047001,0.013318072,0.013362471,0.013595505,0.013781962,0.013315992,0.013744324,0.013807905,0.015040574,0.015013024,0.014886591,0.013121998,0.013356153,0.013521291,0.013707266,0.013824768,0.014543194,0.014093431,0.013514433,0.014721014,0.01123935,0.014396768,0.010681383,0.014806358,0.01937938,0.013102651,0.012299812,0.01256023,0.015874632,0.016410522,0.012176517,0.014397478,0.014287791,0.01759023,0.017000925,0.013800454,0.013110556,0.013579531,0.01593357,0.014152609,0.014244731,0.013952481,0.013731377,0.015276844,0.013468453,0.014566159,0.013641696,0.014444313,0.0135875,0.0139488345,0.014654299,0.013665788,0.014151351,0.013746468,0.014622776,0.014670843,0.014902467,0.014971897,0.014533926,0.013067029,0.013045411,0.014065694,0.01427599,0.014043763,0.013287427,0.0146059645,0.013938511
vocal_rolloff,0.01362857,0.012799516,0.013793662,0.016382553,0.013492027,0.0139502175,0.014659543,0.017536022,0.013435515,0.014423195,0.015459452,0.01627354,0.014337599,0.014153839,0.01297376,0.013323765,0.013651384,0.015957467,0.014729875,0.014490369,0.014009945,0.014590133,0.013862452,0.014207341,0.015879776,0.011823205,0.013242319,0.015483389,0.014392493,0.016499579,0.013819883,0.013464122,0.014520222,0.011810163,0.014128482,0.013969917,0.016288914,0.014917446,0.01340471,0.014070596,0.0137032755,0.015291274,0.013923479,0.013908753,0.014124,0.01356932,0.01408442,0.01409491,0.01333175,0.013773317,0.013925651,0.013758844,0.013103936,0.013637522,0.013873259,0.013700416,0.013288864,0.014027618,0.013168196,0.013495,0.0141949635,0.01612677,0.013166702,0.013066701,0.013478372,0.0129338335,0.014013104,0.013094785,0.013998698,0.014675216
speech_ratio,0.01335602,0.014296629,0.013932398,0.013083976,0.014589714,0.013369078,0.013878917,0.016367275,0.013683737,0.013843371,0.0139323715,0.015209347,0.01390641,0.015456498,0.013388137,0.014706745,0.014429367,0.015286085,0.014926748,0.015474716,0.014786217,0.013875132,0.013365043,0.013241818,0.012504762,0.012619598,0.012168951,0.012588041,0.012640951,0.013570751,0.013239649,0.012055615,0.0145949535,0.0162297,0.01440186,0.015793657,0.013091942,0.013771673,0.013842912,0.013630604,0.014660404,0.014633194,0.015376624,0.015808139,0.015543264,0.013546579,0.0132268965,0.014236549,0.013999499,0.01442715,0.014638213,0.013978085,0.013289949,0.014899712,0.013731455,0.01392466,0.0137473745,0.014535103,0.013414731,0.014529587,0.0147298705,0.014767308,0.013423748,0.01342379,0.014112051,0.013502577,0.015828662,0.014388293,0.0139406305,0.015314557
silence_stretch,0.0136402715,0.014079986,0.012774546,0.012192529,0.014759546,0.012701779,0.015896339,0.013732238,0.013727026,0.0136114415,0.013985873,0.014022416,0.014057802,0.013583705,0.013091022,0.014017874,0.013358327,0.017179227,0.014867922,0.014923724,0.014550723,0.014731366,0.013224845,0.014929367,0.013011167,0.01353101,0.014416046,0.012853445,0.014598453,0.012675131,0.01487658,0.012231131,0.013971775,0.012868991,0.017701775,0.01290446,0.013722757,0.017447503,0.013599789,0.01699053,0.013308667,0.014433739,0.015599345,0.0153145045,0.01623834,0.013806076,0.013453083,0.013509586,0.013152913,0.013223893,0.014094961,0.015358994,0.013922976,0.0147107355,0.013608484,0.014402887,0.014026141,0.013985903,0.01356563,0.014611016,0.015962303,0.013668355,0.013573259,0.014015682,0.013938703,0.013576647,0.015353665,0.012822281,0.014099385,0.0126041025
music_only,0.013461125,0.01360771,0.013311842,0.01258947,0.013819868,0.013070292,0.014976903,0.014899022,0.013156986,0.012971221,0.015833272,0.015127855,0.013962137,0.014539979,0.013892375,0.013659473,0.013658589,0.013127208,0.014529198,0.01562979,0.014389664,0.013805859,0.013682724,0.021580754,0.012288384,0.015353225,0.015289964,0.0128892725,0.014864515,0.016599417,0.014541646,0.014532957,0.014415969,0.011946,0.013847565,0.01352928,0.013003435,0.013892775,0.013546653,0.0151157435,0.014655049,0.013644688,0.014545159,0.0144913085,0.014692603,0.014315922,0.013033415,0.013807756,0.01353745,0.01390864,0.014413299,0.013727533,0.013281651,0.013657871,0.013385257,0.013552891,0.013331968,0.014670663,0.0132676335,0.013446336,0.01432544,0.014602531,0.013765698,0.012761791,0.014918799,0.015002202,0.014573613,0.0135972705,0.01399558,0.013757717
frame,0.013767785,0.013206021,0.01385002,0.013462214,0.014344759,0.014052866,0.014491333,0.015310448,0.013707276,0.013724981,0.016254863,0.01454673,0.013994573,0.0139124375,0.01385522,0.0141810775,0.014253088,0.013663596,0.015240338,0.015157476,0.014177334,0.014447244,0.0141317425,0.014904095,0.013437038,0.013388655,0.013638388,0.013417712,0.016583722,0.013454319,0.0133981835,0.0145900715,0.014502047,0.013311076,0.015184369,0.01337071,0.0150181595,0.013891165,0.013591485,0.01400057,0.013198345,0.013870734,0.014749816,0.01464027,0.014861981,0.013431735,0.013600983,0.013256226,0.013473565,0.014968229,0.015225323,0.014441616,0.013303999,0.01400533,0.01347064,0.013722952,0.013604722,0.014696822,0.014176918,0.013626212,0.014682608,0.013979824,0.013117222,0.0136928465,0.013812327,0.013926806,0.014695257,0.013940899,0.013894677,0.014268604
flow_mag_med,0.013565395,0.013466604,0.013763311,0.012740872,0.013709504,0.013202533,0.013981758,0.015397912,0.014964635,0.013247664,0.014635058,0.014723489,0.013821636,0.013970695,0.013256612,0.013058108,0.013661763,0.01459874,0.012998065,0.014829626,0.013604546,0.0138743445,0.013288392,0.015011493,0.013391218,0.013482848,0.013586716,0.014946939,0.015848687,0.0137884915,0.01357018,0.01443514,0.0154583175,0.0142661035,0.014563179,0.014502017,0.013412539,0.0145496745,0.015047627,0.014434182,0.014889784,0.014000878,0.014209439,0.014182439,0.014129756,0.013929137,0.013188839,0.014891284,0.013415968,0.014869465,0.014557496,0.013825167,0.014565332,0.014441273,0.015006407,0.01288293,0.013472316,0.014376287,0.012874436,0.015483793,0.014451396,0.0136714,0.015015958,0.013570877,0.0146710165,0.0147024095,0.014145307,0.013267086,0.014057629,0.015038133
radial_med,0.012956482,0.014271626,0.013196982,0.014422193,0.015077214,0.014431618,0.01452164,0.013883904,0.017496794,0.012703193,0.013581788,0.014412917,0.013653951,0.01612921,0.013868207,0.013023997,0.0133672785,0.015157897,0.013188425,0.015446656,0.015112719,0.014062286,0.012636136,0.016269851,0.012605808,0.012883865,0.014737263,0.013836918,0.014170749,0.01538715,0.013530882,0.013525013,0.014192908,0.012835917,0.013937228,0.01458597,0.014105028,0.0133326445,0.013846377,0.013870293,0.0139718875,0.01345277,0.015453938,0.015404424,0.015130362,0.013290544,0.013292091,0.014906184,0.013150889,0.013143974,0.013794384,0.013726834,0.013544051,0.013911148,0.015094439,0.013365678,0.013688523,0.014232639,0.013696161,0.014834801,0.014896619,0.015958818,0.01375873,0.013001546,0.013701521,0.015621367,0.0151821,0.013881454,0.0137337595,0.013241709
radial_ratio,0.01432653,0.014125621,0.01366776,0.012892535,0.014079746,0.013049088,0.0141434,0.014309518,0.013819758,0.013661845,0.014376577,0.015720092,0.013506904,0.014400454,0.013906967,0.0137826,0.013753371,0.013861339,0.013759324,0.015136172,0.013816968,0.013389999,0.014327452,0.015370097,0.013372897,0.013587948,0.013709254,0.013792271,0.013900215,0.013978254,0.013604663,0.013655908,0.014897095,0.01374718,0.014889095,0.01371496,0.014316177,0.016726589,0.014100704,0.014099939,0.01364543,0.0137450285,0.01491338,0.014951378,0.015263179,0.0132010365,0.014120287,0.01374918,0.013821894,0.014268163,0.014558265,0.014690615,0.013222495,0.013990013,0.01341654,0.014240629,0.014656454,0.014529411,0.01346688,0.0140110515,0.015720401,0.014168423,0.013557444,0.01452273,0.014897028,0.013083061,0.01494444,0.013795361,0.014070315,0.013838902
wps,0.014510263,0.012747985,0.012733592,0.012217849,0.013613107,0.013657227,0.0142311435,0.018023586,0.013593821,0.012780393,0.015320457,0.014489206,0.018772332,0.013977371,0.013616497,0.013241969,0.013172425,0.013013041,0.014511348,0.014453886,0.013381461,0.013221556,0.01759177,0.014822651,0.013419396,0.012458097,0.013168627,0.013309382,0.016393857,0.012661553,0.013487859,0.015967714,0.0148151405,0.013096264,0.013309358,0.012534337,0.0129951695,0.015184768,0.0140960375,0.013309933,0.014657667,0.013355322,0.016868193,0.016787946,0.01661549,0.013302649,0.013057764,0.014004452,0.013694709,0.0126290675,0.014956848,0.013160719,0.013506891,0.012925233,0.013128883,0.013954987,0.012825178,0.014801985,0.015097781,0.014463283,0.014226206,0.017677085,0.014224298,0.013034074,0.01300731,0.014180109,0.016328607,0.014023799,0.013368444,0.013797004
viewer_address,0.013873477,0.012457382,0.0132510085,0.013735122,0.015550091,0.012885751,0.0138493255,0.016783576,0.01387606,0.013119874,0.013181701,0.016090292,0.01310375,0.016314378,0.013840878,0.014350314,0.016686672,0.014389435,0.014782667,0.015201231,0.013411937,0.013885923,0.015458761,0.013778511,0.01319606,0.012737563,0.012641526,0.012509102,0.014484454,0.013608194,0.0147938095,0.016296722,0.014129266,0.0127926,0.013259958,0.012572782,0.015501089,0.014024397,0.013209176,0.010867007,0.012457458,0.014899587,0.015650954,0.01566686,0.014897445,0.013620016,0.013516709,0.0135902185,0.013041314,0.013682658,0.014587048,0.013576686,0.014665588,0.014287261,0.014264552,0.014442474,0.013208877,0.016232286,0.01416215,0.016150236,0.015026776,0.014771191,0.014348148,0.012875749,0.013552928,0.013562173,0.015435402,0.015319837,0.013120135,0.013507314
question_density,0.014521409,0.013004902,0.013342392,0.0136322575,0.013863044,0.013734389,0.014998047,0.01406403,0.013597084,0.0134975,0.014122952,0.014658298,0.0133757945,0.013983558,0.013810484,0.013464101,0.01369998,0.015298011,0.013671022,0.017162407,0.014885143,0.013485805,0.01412891,0.014815553,0.014045731,0.013224553,0.013444029,0.013546824,0.014280372,0.01317353,0.013887469,0.013440533,0.01408216,0.014257714,0.014722252,0.012227379,0.014498603,0.01490115,0.013963593,0.013954582,0.0143771935,0.014076963,0.015461553,0.015263649,0.015493976,0.0140865315,0.013845912,0.013729216,0.013494054,0.013612861,0.014384801,0.014292866,0.013900986,0.014393788,0.015630934,0.014176846,0.013522731,0.014485711,0.013485159,0.014326105,0.014953909,0.013802253,0.013380915,0.014632521,0.013584241,0.013932388,0.015206838,0.014300163,0.014128352,0.0138341645
filler_density,0.013674955,0.01420695,0.013289575,0.014368456,0.013619594,0.013032901,0.0140616335,0.014943022,0.013736807,0.013344253,0.013928847,0.016067052,0.013759652,0.013662211,0.014208695,0.013598936,0.015128167,0.013987882,0.013084706,0.014701489,0.01399645,0.0136517845,0.013503431,0.015069641,0.01328164,0.013121303,0.013578396,0.016048,0.013127014,0.013319999,0.012882993,0.014453972,0.014618358,0.013008045,0.0140385125,0.013745551,0.015485685,0.015576832,0.013567182,0.014189465,0.014401145,0.0143238865,0.015071813,0.014954124,0.01511638,0.012926217,0.013546813,0.014611805,0.0136888735,0.013857713,0.014560288,0.014112679,0.013957353,0.013927709,0.013241343,0.0142850205,0.0131440405,0.01491544,0.014975458,0.014021305,0.016651332,0.014227651,0.014383839,0.013572313,0.013456045,0.015752064,0.014711105,0.013329564,0.013996879,0.013701558
pitch_mean,0.013694343,0.013809983,0.013360029,0.01308759,0.01432044,0.013338529,0.014744215,0.0137769785,0.013938583,0.01379333,0.014125473,0.01509932,0.014712674,0.013887895,0.014260177,0.0138862245,0.013502688,0.014391182,0.013112184,0.014978566,0.014530819,0.013652237,0.01343217,0.01509225,0.013602789,0.0137352655,0.014564233,0.013377777,0.015002545,0.0130012985,0.013452952,0.013517085,0.014573708,0.013810186,0.015259953,0.013445357,0.014198173,0.0155351795,0.013565443,0.014095249,0.013212947,0.013480024,0.01651981,0.015941605,0.016586043,0.013671965,0.013236668,0.014172201,0.013504353,0.013608335,0.014290861,0.0143179605,0.0129817575,0.014139397,0.013595903,0.014274452,0.014190375,0.014674354,0.01356938,0.013976839,0.015827302,0.013796019,0.013109047,0.0145273935,0.0138048045,0.013510838,0.01611872,0.013411748,0.014664526,0.014209704
pitch_std,0.013495069,0.013759725,0.013280688,0.012927619,0.014275859,0.013242371,0.014820965,0.013621023,0.01372291,0.013685059,0.014229933,0.015193246,0.014814312,0.013787498,0.014302976,0.014046814,0.013510627,0.014309807,0.012996862,0.014907697,0.014641579,0.013595851,0.013488268,0.0152576035,0.013539614,0.013756142,0.014591145,0.0131892115,0.014815701,0.012889075,0.013612828,0.013631953,0.014582194,0.013942684,0.015550058,0.013472417,0.014240751,0.015969146,0.013595793,0.014300224,0.013245096,0.013377484,0.016685605,0.015984423,0.016770791,0.013433518,0.013277367,0.014074139,0.013470879,0.013683887,0.014387941,0.01429257,0.0129299145,0.014205228,0.013474638,0.014425121,0.014269393,0.014983219,0.013415197,0.014012108,0.016105223,0.013616014,0.012984328,0.014590332,0.0136579,0.0134146735,0.01613095,0.0133462,0.014704132,0.0141143985
voiced_frac,0.013476057,0.01385011,0.013384733,0.013150403,0.014369352,0.013356915,0.014987951,0.013765302,0.013874618,0.013815984,0.014044787,0.014999032,0.014622005,0.013797676,0.014304231,0.013906825,0.01344762,0.01443908,0.013067645,0.014902225,0.014535196,0.013654753,0.013434233,0.015134269,0.01356189,0.013704009,0.014596273,0.013262747,0.014925303,0.013003269,0.0135049615,0.013663169,0.01475392,0.013895436,0.015733045,0.013425412,0.014278039,0.01609233,0.013667919,0.014051462,0.013254901,0.013496257,0.016264835,0.0155842295,0.016240094,0.013474666,0.013520643,0.014101844,0.013489557,0.013712211,0.014295787,0.014286593,0.012950139,0.014365846,0.013429226,0.014297884,0.014317739,0.01478532,0.013485752,0.014291079,0.015718017,0.013866041,0.013215758,0.0144618675,0.013638572,0.013468896,0.01570104,0.0134238405,0.014515962,0.0142008765
pause_rate,0.016152263,0.013862958,0.013519536,0.012114497,0.014011661,0.012868653,0.014807632,0.01826549,0.0136079285,0.013393782,0.014694355,0.016793799,0.013593808,0.014087629,0.014155231,0.0135867465,0.014594657,0.013775164,0.0128605915,0.016295226,0.01388848,0.013741756,0.013765594,0.014848749,0.013768952,0.013092737,0.013365078,0.01328196,0.014900295,0.014314066,0.013512468,0.013555633,0.014437506,0.01519796,0.014977973,0.0137076825,0.01514646,0.014989057,0.01374612,0.015000759,0.013529829,0.013541435,0.014233834,0.01429542,0.014274853,0.013324762,0.01156295,0.01347319,0.013963959,0.013874393,0.014909333,0.013817739,0.013021855,0.015388556,0.013383854,0.013227312,0.013650181,0.014223361,0.013020959,0.013456039,0.014075087,0.016094118,0.012955137,0.012897372,0.017329749,0.013559723,0.014305142,0.014641987,0.013754693,0.014145834
speech_rate_cv,0.014712412,0.011844354,0.012979822,0.012638656,0.012891838,0.012449203,0.014175542,0.015386494,0.012641981,0.014873697,0.01543314,0.016476113,0.01409572,0.014810117,0.013623824,0.013570305,0.01819612,0.01469234,0.014279454,0.015161058,0.013226274,0.013167415,0.014640993,0.0134700965,0.014203798,0.012882052,0.016293202,0.012706546,0.013957435,0.012450809,0.012384532,0.012657936,0.015028045,0.014067142,0.014587705,0.013754731,0.013907473,0.0154106375,0.0130343605,0.016720684,0.012583906,0.014647975,0.015211422,0.0149742495,0.015591109,0.014304586,0.013338402,0.014957417,0.013272643,0.012879228,0.014823885,0.014178131,0.012620032,0.013928093,0.012977036,0.013813455,0.01319637,0.013640965,0.013119658,0.016437154,0.013484513,0.014122766,0.012547389,0.012095004,0.014034107,0.021517895,0.0151349045,0.014290664,0.013710348,0.013455661
beat_sync,0.013519049,0.013248144,0.014010159,0.013611296,0.014224714,0.0139888935,0.013643713,0.014232834,0.013996456,0.01387604,0.014350539,0.01485529,0.014537425,0.01410469,0.014487822,0.013944488,0.015359856,0.013949886,0.0133834705,0.01437368,0.013555083,0.014909662,0.013383018,0.015185131,0.01323157,0.013729921,0.014438734,0.013154556,0.01385132,0.013425179,0.014107246,0.013359604,0.01554617,0.013845114,0.014104687,0.01354323,0.013106858,0.014843404,0.01395723,0.015583635,0.014194889,0.015302742,0.014844006,0.014736175,0.014906436,0.013953829,0.013475291,0.014043672,0.0135552455,0.0131331645,0.015701536,0.014381245,0.013002647,0.014159282,0.013583731,0.013946585,0.016039846,0.014295574,0.013628304,0.014103882,0.014652968,0.014390701,0.013772454,0.013264344,0.013429254,0.014254929,0.014668899,0.014170583,0.013889678,0.013977878
beat_sync_ratio,0.013785189,0.013742191,0.013513874,0.014847433,0.013995056,0.013332209,0.01395954,0.015133882,0.014396647,0.013254532,0.01360894,0.014873637,0.013269626,0.014240695,0.013261519,0.015386723,0.0129337115,0.015501756,0.013598727,0.014900031,0.013201774,0.013179428,0.014118083,0.014751845,0.014221756,0.013232315,0.013830388,0.013548367,0.014290238,0.0132741025,0.013520485,0.014638822,0.014238827,0.013207467,0.014771511,0.01492578,0.01449384,0.014496453,0.01302271,0.014710801,0.015726242,0.013565151,0.014759213,0.014821731,0.014752752,0.014427928,0.015065835,0.014558012,0.013249884,0.013883113,0.015206655,0.014368206,0.01350571,0.013598735,0.01407256,0.013569467,0.013385085,0.014492413,0.014073642,0.015948335,0.014420796,0.013645964,0.013157002,0.01302929,0.013927508,0.014941922,0.014705956,0.013863115,0.013979777,0.014013339
is_ad,0.014500426,0.013736727,0.013666982,0.014612424,0.0139741115,0.013216006,0.013726571,0.014354273,0.0137474295,0.01336457,0.014128346,0.014805587,0.014793042,0.014189936,0.013846855,0.013591702,0.013710953,0.014031299,0.013543838,0.016314764,0.014447324,0.013700385,0.013284735,0.014548693,0.013437256,0.0133476015,0.01420204,0.013750672,0.013907444,0.013507454,0.013490484,0.013242321,0.01456099,0.014258535,0.013538387,0.0135672195,0.013624448,0.0147114545,0.013967028,0.014791435,0.014230324,0.014981016,0.015312479,0.01526235,0.015354376,0.014007144,0.015242403,0.013527518,0.014238456,0.015054526,0.0156328,0.013830364,0.011956449,0.013631947,0.013791902,0.013841296,0.014112251,0.014813856,0.013302433,0.014130397,0.015088338,0.0152911935,0.013380113,0.013202695,0.01354981,0.0136361625,0.015444452,0.014495026,0.01471455,0.013403166
ad_segment_length,0.014104912,0.014581811,0.013193103,0.012809079,0.013573117,0.013209088,0.013898082,0.014273855,0.014873149,0.013721718,0.015054921,0.01522456,0.015268628,0.013846372,0.013136612,0.013977421,0.0141147,0.013672274,0.013086574,0.015081925,0.01386917,0.014297603,0.013002396,0.014532043,0.013238203,0.014098717,0.014784362,0.0133161675,0.014581308,0.0136675285,0.013091644,0.014933787,0.014308411,0.013623463,0.014088139,0.013365503,0.01346013,0.013763273,0.013807029,0.014762016,0.014114862,0.015544217,0.015686734,0.01570249,0.015443008,0.014055554,0.013102212,0.014511004,0.013415992,0.014822092,0.01279753,0.013791502,0.013994696,0.013811588,0.01374908,0.013446499,0.013360229,0.014650429,0.013800206,0.015038196,0.015416995,0.016739443,0.014783524,0.014043469,0.013498856,0.013617283,0.015858678,0.013320433,0.013833236,0.013134627
n_ad_segments,0.013167288,0.012518804,0.014136396,0.012477445,0.013457337,0.012990788,0.014199475,0.015115732,0.014201816,0.012741735,0.013473431,0.014583934,0.01420113,0.014417753,0.012851994,0.01343553,0.01330981,0.016426079,0.0128313005,0.014436351,0.014135405,0.014464488,0.014001254,0.014654815,0.012759138,0.013058821,0.013595995,0.013183555,0.013918195,0.0135103185,0.014392371,0.0150756715,0.014396409,0.013504128,0.014278692,0.013476621,0.014333382,0.022170732,0.014321122,0.014237674,0.013734987,0.016455088,0.014747867,0.014790644,0.015199991,0.012887208,0.013775914,0.013142054,0.012865245,0.015508333,0.013931802,0.013511132,0.0148285,0.014506317,0.013911502,0.013741754,0.013958801,0.014972981,0.013255955,0.015392343,0.015515281,0.01430035,0.013669615,0.013547581,0.01321818,0.014311865,0.014581783,0.015151706,0.013727786,0.013494726
ad_density_pct,0.014002397,0.013469984,0.013485441,0.013641473,0.015586758,0.014133384,0.01472888,0.015027989,0.01387113,0.014514437,0.015423021,0.015185781,0.014060975,0.013741678,0.014194826,0.014384456,0.013387678,0.013958154,0.013405927,0.014915759,0.013885345,0.0141277565,0.013474125,0.014869923,0.01396824,0.013454609,0.014340753,0.013415187,0.015339706,0.01353378,0.013636254,0.013421689,0.015448656,0.01364154,0.013789329,0.013331754,0.014211028,0.014131708,0.013866369,0.014923878,0.014104284,0.013889731,0.01447198,0.014424517,0.014462199,0.014081045,0.0133020645,0.0138797145,0.01347539,0.013178024,0.017398864,0.0136255175,0.012506004,0.014721235,0.014134811,0.013992245,0.014706759,0.015089907,0.013728414,0.013413681,0.014779706,0.014588881,0.01362483,0.013413383,0.014714727,0.013624014,0.014350897,0.01333221,0.0139937345,0.013436747
syntactic_depth,0.01433525,0.014142113,0.013371296,0.014402793,0.014889985,0.0134395715,0.014868379,0.014727768,0.014422264,0.013380157,0.013565389,0.013859078,0.01610945,0.014053002,0.013452057,0.015903868,0.013802187,0.014923692,0.013325835,0.01496481,0.01339424,0.013397217,0.01314028,0.01561274,0.013872258,0.013263283,0.013090808,0.013137972,0.015726136,0.013295597,0.012893014,0.013325051,0.014175028,0.013118105,0.014635447,0.014141064,0.014195848,0.015020544,0.014022971,0.014227472,0.014253073,0.014473947,0.01523952,0.015293235,0.015144974,0.012743736,0.01266972,0.014104958,0.014417967,0.014663829,0.014255913,0.0136551075,0.013708586,0.016415754,0.01292834,0.015261808,0.01413723,0.014581943,0.013407428,0.014569814,0.014636935,0.014874976,0.012909029,0.013492984,0.013827072,0.013735715,0.0154311,0.012951468,0.01386933,0.013107442
lexical_diversity,0.013640459,0.0146967005,0.013620406,0.01377989,0.015113373,0.012991857,0.013822714,0.014655338,0.014488623,0.013509775,0.014998544,0.014915783,0.013998449,0.0144385975,0.013818866,0.01355132,0.014092455,0.014387302,0.013170546,0.017061837,0.014651709,0.013748882,0.01391113,0.016883412,0.013414241,0.013502668,0.013648981,0.013154637,0.014337437,0.013104647,0.01322842,0.013412457,0.014026534,0.013460554,0.014777933,0.01597832,0.013261934,0.014264872,0.013912947,0.015507834,0.014774902,0.014603581,0.014539524,0.01449546,0.014722181,0.013296751,0.013157084,0.013728598,0.013709417,0.014830375,0.014138272,0.013457354,0.013600772,0.014640522,0.015025726,0.013933189,0.013571007,0.014945596,0.013382618,0.013319546,0.014934284,0.014139881,0.013646107,0.0139304595,0.013914375,0.013226978,0.014510158,0.01325468,0.014467498,0.013909178
avg_word_length,0.014191283,0.0134100225,0.013398575,0.01313914,0.013907276,0.01374815,0.01393234,0.014770169,0.013713626,0.013501043,0.014061006,0.014302993,0.014356024,0.014104843,0.013929082,0.0140004335,0.013817429,0.014224687,0.012936331,0.017065678,0.013856511,0.013319127,0.014204885,0.014893284,0.013662018,0.01421053,0.013688118,0.013867237,0.01396472,0.013915041,0.013078986,0.014556402,0.015092367,0.013679504,0.014982548,0.014523223,0.01380852,0.014149817,0.014106558,0.014028287,0.014176517,0.013550971,0.015310824,0.015239866,0.01559321,0.013799135,0.013990561,0.013996462,0.014220109,0.01359285,0.014633775,0.013846409,0.013658565,0.013371909,0.014306212,0.01375229,0.013605619,0.014183829,0.014213189,0.013882257,0.015146536,0.014077099,0.01369798,0.015328118,0.014241524,0.013475258,0.015229451,0.013931198,0.014060839,0.014231462
speech_complexity,0.014428538,0.013928816,0.012815996,0.012843912,0.014691442,0.013669216,0.013793865,0.014779554,0.01345053,0.014544458,0.014390832,0.014574644,0.015593144,0.01371551,0.0132537475,0.014655689,0.013649496,0.013978222,0.013114585,0.015683733,0.013659185,0.014019283,0.013327099,0.014981983,0.013158417,0.014069099,0.013935775,0.013132364,0.014177375,0.013105115,0.013624055,0.013981086,0.015344143,0.013505575,0.013943172,0.013987587,0.013958519,0.0148825385,0.0139767965,0.014567824,0.014389493,0.013671474,0.015025411,0.01513657,0.015367308,0.01380619,0.012929212,0.013693515,0.014036647,0.014423008,0.015241334,0.016737059,0.013088306,0.013232846,0.013507793,0.014067046,0.014451651,0.014686986,0.013518663,0.014289526,0.014346205,0.014250807,0.014374109,0.013218919,0.013580916,0.015067654,0.015088946,0.015178693,0.013963321,0.01357577
cultural_ref_density,0.013712332,0.013432983,0.013699533,0.012756927,0.013631539,0.013722206,0.013329609,0.016708348,0.0142974015,0.013588561,0.014894895,0.014767136,0.013430703,0.015601211,0.013692653,0.013277447,0.015658852,0.013635503,0.013400968,0.015350033,0.01506201,0.013835252,0.013705408,0.014425065,0.01337066,0.013334863,0.013550029,0.013161121,0.014818501,0.01350262,0.0132137835,0.014944623,0.014637928,0.013212869,0.014280777,0.013468528,0.013744909,0.0134226065,0.013452338,0.01377275,0.0149959205,0.014097447,0.0154037755,0.015413464,0.0150629375,0.013436626,0.014050359,0.014688257,0.013319703,0.013531012,0.014557591,0.013899663,0.014289815,0.013900798,0.013445745,0.013931561,0.014599109,0.014065803,0.015604651,0.014316522,0.014529998,0.0144001385,0.0131128505,0.013195086,0.013782559,0.014954889,0.015248596,0.014321129,0.014138328,0.014132166
sentiment_polarity,0.013616839,0.012963803,0.013947114,0.013124056,0.013691323,0.013706727,0.014259401,0.015302722,0.014043082,0.013815168,0.014187918,0.015198675,0.0153788775,0.014305918,0.013275217,0.013784205,0.01579147,0.013118027,0.013663603,0.015773023,0.0137501955,0.013769278,0.013878749,0.015470292,0.013616225,0.013779214,0.014210504,0.0129066855,0.013789885,0.014587422,0.013808906,0.0128933955,0.014694288,0.013929802,0.013963371,0.014477743,0.013485022,0.013989558,0.014111491,0.013458533,0.0146054365,0.013772856,0.015059151,0.015225004,0.015119638,0.01339154,0.014421883,0.013895979,0.013368228,0.013727393,0.014124723,0.014277611,0.013671923,0.013982883,0.014779342,0.014373918,0.014326902,0.01424408,0.01098419,0.015380224,0.01593127,0.014576385,0.013813315,0.012561861,0.013281498,0.016322963,0.015122262,0.01386559,0.014430663,0.014182792
sentiment_intensity,0.013436751,0.012862274,0.014008498,0.013232621,0.014969331,0.013829944,0.013719207,0.014130821,0.014373237,0.013544989,0.0155066475,0.014464343,0.014894808,0.015232468,0.013481194,0.013734512,0.013556439,0.014664711,0.016499141,0.014780434,0.013628474,0.013931744,0.013730388,0.0148817375,0.01377039,0.013202244,0.014332532,0.013269219,0.016002515,0.01355328,0.013525233,0.012899112,0.014630592,0.013959581,0.01334863,0.012820579,0.01372849,0.013988964,0.0144391935,0.017078318,0.013190797,0.013767309,0.014547692,0.014543643,0.014733528,0.01331427,0.013510438,0.01383367,0.013383551,0.013396045,0.014836606,0.013323342,0.013331665,0.016112445,0.014279762,0.015039492,0.013349893,0.014282702,0.013308238,0.014055135,0.015120227,0.01635539,0.013701038,0.013395576,0.013962846,0.014055873,0.014486736,0.013192128,0.013998274,0.014002695
hook_score,0.014989117,0.013114161,0.013188417,0.012632665,0.013691152,0.013666481,0.014669975,0.014518023,0.014059154,0.013559059,0.014526745,0.014643282,0.013572106,0.013881889,0.013496917,0.013933627,0.014011657,0.013861746,0.013578768,0.014177671,0.014541035,0.0141324885,0.013304274,0.016121686,0.013370547,0.01357476,0.013665268,0.0136269275,0.015712513,0.013483765,0.013521022,0.013991312,0.014136665,0.013289571,0.014660304,0.013438249,0.013674317,0.015016725,0.013738715,0.013990268,0.013592991,0.014580922,0.01531595,0.015344439,0.015777636,0.013276813,0.014045726,0.013932679,0.013218451,0.013380577,0.014839118,0.014834603,0.014120627,0.014805061,0.014091289,0.0138493925,0.015168154,0.0149045065,0.013686303,0.014757808,0.018492674,0.013769064,0.012981709,0.014013733,0.013132164,0.013570163,0.015411895,0.01398276,0.013652341,0.013580872
hook_has_question,0.014839518,0.013614703,0.014101654,0.013499887,0.014498182,0.012694718,0.01391916,0.014832556,0.014096001,0.013255427,0.014483016,0.01481947,0.014423178,0.014370587,0.013114346,0.013121905,0.014210956,0.012936238,0.015057661,0.015013805,0.014235657,0.01404771,0.013776297,0.017020587,0.013355813,0.014332744,0.0132583175,0.014256721,0.014170584,0.013006015,0.014615472,0.012841659,0.013958839,0.013393946,0.01360807,0.013026956,0.013928494,0.014196996,0.01542382,0.013826555,0.014856614,0.014350201,0.015092017,0.015280968,0.015276004,0.0131844785,0.015465783,0.013509344,0.013750169,0.013695419,0.01486458,0.014302015,0.015044845,0.014750559,0.014522588,0.013688309,0.014757615,0.015667237,0.014318598,0.013876511,0.014650747,0.013168793,0.012192184,0.01313862,0.013165419,0.013744323,0.014946947,0.014308061,0.013927772,0.013684815
hook_has_address,0.013214331,0.0134322755,0.012652602,0.012321082,0.013597578,0.012845803,0.014287783,0.013375273,0.013697274,0.013331245,0.013867648,0.014218977,0.013376204,0.014905246,0.01307413,0.013077786,0.013905074,0.014103396,0.01396731,0.0143051995,0.014808185,0.014642615,0.012939406,0.014669366,0.013007889,0.012887903,0.0133464,0.012905518,0.013360381,0.012746573,0.012993716,0.013877027,0.014174746,0.014516503,0.015169231,0.014780495,0.013121296,0.015332498,0.013304291,0.013713511,0.013814539,0.015934417,0.017359532,0.018222095,0.017792659,0.013067426,0.013590639,0.013533251,0.013648662,0.013634805,0.015221763,0.013471514,0.0131308995,0.015027628,0.0144370645,0.013900479,0.014237894,0.014556218,0.013292009,0.014924608,0.01857458,0.0135445185,0.011985757,0.012925953,0.013448755,0.014071237,0.018210191,0.015521882,0.01613152,0.014252807
topic_shift,0.013235537,0.013421408,0.013454592,0.013375215,0.013723682,0.013427173,0.014958732,0.016677223,0.013847122,0.013284305,0.013697353,0.015358787,0.014198929,0.0146069825,0.013124578,0.013370423,0.015005858,0.017029036,0.01381795,0.014847406,0.01409726,0.014213502,0.013421342,0.015161721,0.013750569,0.01346097,0.013902437,0.013303356,0.014934536,0.013728003,0.013044151,0.014313876,0.01422402,0.013282932,0.015094554,0.013435008,0.014199307,0.013976003,0.013475463,0.01403528,0.014937162,0.014755353,0.014475734,0.014613032,0.014552759,0.013127581,0.013729293,0.0136638675,0.013164962,0.013234431,0.013962608,0.013601648,0.015234052,0.0144275585,0.013437543,0.014410982,0.013360468,0.014555814,0.015983455,0.015730957,0.014455662,0.014657563,0.013493096,0.011179805,0.013769271,0.016284779,0.014647988,0.01444689,0.013741894,0.013651622
loudness_change,0.013769927,0.013118222,0.013529503,0.012859557,0.013755452,0.013284294,0.01478794,0.013970662,0.013461387,0.013312863,0.0141319735,0.0144015085,0.01357701,0.013522493,0.01641776,0.014932811,0.0137555655,0.0139224995,0.013504483,0.016467735,0.013959298,0.013308525,0.013165363,0.014880355,0.013641885,0.013675287,0.014060019,0.014491593,0.013202356,0.0133164,0.013192573,0.0133463135,0.014535122,0.013528772,0.014928261,0.014756959,0.015749846,0.015318914,0.013465863,0.014348473,0.013181993,0.013806063,0.014340258,0.014379356,0.014369084,0.013822757,0.01332032,0.013547977,0.013404287,0.014714587,0.014424754,0.014978871,0.013142068,0.013758904,0.013979179,0.013840408,0.014003808,0.014527815,0.013969138,0.013932759,0.014621047,0.015025649,0.014601093,0.012997959,0.01588102,0.016596997,0.014368952,0.015383933,0.014004458,0.013928913
loudness_variance,0.013745418,0.013347829,0.014260021,0.012658803,0.013893435,0.012713494,0.014366766,0.0153410565,0.014090935,0.013849644,0.014641721,0.014578881,0.014150152,0.014737038,0.012798266,0.014187299,0.013441294,0.013800114,0.014892194,0.017044835,0.0137109775,0.013427511,0.013864389,0.015042737,0.015092282,0.014406934,0.013728649,0.01299818,0.01615037,0.013282947,0.014208596,0.014372708,0.015594432,0.014449587,0.013912,0.013745304,0.014688965,0.015610235,0.01434355,0.013898902,0.013603843,0.013226353,0.014656272,0.014745286,0.0145978145,0.014250118,0.014618552,0.013576362,0.013012409,0.01430092,0.015258191,0.013622943,0.014162913,0.014183825,0.013707519,0.013905842,0.013428908,0.01428058,0.013499739,0.014096815,0.014725394,0.014577127,0.0135023985,0.013055613,0.01323537,0.011690611,0.014678421,0.014643186,0.014868315,0.013800014
time_pct,0.013397528,0.013723455,0.01333056,0.013021681,0.014403647,0.013241575,0.014873279,0.013707548,0.013774034,0.013676373,0.014309883,0.015286505,0.014642948,0.013785861,0.014407782,0.013991602,0.013489627,0.014289698,0.013022304,0.0149137415,0.0146275405,0.013602676,0.013395766,0.0154017955,0.013522664,0.013688456,0.014735921,0.013191897,0.014775693,0.01285366,0.013505672,0.013772337,0.014562197,0.013798744,0.015462488,0.01357477,0.014075315,0.016059153,0.013743949,0.014058654,0.013180206,0.013346072,0.016647756,0.015916586,0.016708497,0.013357566,0.013342554,0.0142119415,0.01354576,0.01360727,0.014163844,0.014247785,0.012934282,0.014351277,0.013595735,0.014566107,0.014219975,0.014970137,0.013361777,0.014073809,0.016039401,0.013683058,0.013268994,0.014506454,0.013666863,0.013293076,0.016147014,0.013267083,0.014681515,0.014094226
edit_pace_x_screencast,0.01433439,0.013163744,0.013193402,0.013016679,0.013890894,0.013204268,0.013899807,0.014711042,0.01454024,0.013476666,0.015087979,0.016172823,0.01431481,0.014258177,0.012583594,0.015159128,0.012920611,0.014472869,0.01477153,0.015676523,0.014038475,0.013845604,0.012830595,0.015116903,0.013235528,0.013656013,0.014253741,0.013154829,0.013811866,0.013008058,0.01326585,0.013322116,0.013967756,0.014901094,0.01419658,0.013671806,0.012701241,0.01447512,0.013470926,0.013701359,0.013148357,0.014185779,0.014655611,0.014707983,0.014642788,0.013268789,0.013189066,0.012545515,0.013371689,0.014405265,0.014258907,0.01568826,0.01361145,0.01398611,0.01513398,0.013730871,0.014280702,0.014084047,0.014384583,0.015876234,0.014330162,0.014595497,0.013990969,0.013147911,0.01406427,0.013986895,0.014746571,0.020639725,0.014018952,0.014613163
hook_score_x_time_pct,0.014083561,0.014125403,0.013812886,0.012923874,0.013603134,0.013424305,0.014524711,0.015394406,0.013614738,0.013232943,0.014202783,0.014439439,0.01377352,0.014119517,0.0138153,0.013429945,0.01416813,0.013961654,0.01359206,0.01511918,0.0142732775,0.013705057,0.01372432,0.014411548,0.013746565,0.013258083,0.013300424,0.013614415,0.015159929,0.013175346,0.013716186,0.014472986,0.0144784795,0.013874102,0.01493983,0.013313467,0.013907457,0.015063673,0.01395677,0.013783308,0.013187581,0.013842052,0.015664276,0.015360055,0.015638828,0.01375749,0.013464818,0.014595712,0.013952078,0.013747226,0.014773617,0.013801131,0.0136704035,0.0148422485,0.013603176,0.013475506,0.014128897,0.015171659,0.014134198,0.0153707545,0.014822891,0.013664627,0.013778316,0.013386981,0.01375895,0.014957123,0.01541541,0.013424402,0.015833052,0.013979297
is_ad_x_viewer_address,0.01428752,0.0133754015,0.013535188,0.013102433,0.013878664,0.012933387,0.014249641,0.015330797,0.013754365,0.013511982,0.014016727,0.015358881,0.015907727,0.014396719,0.013693711,0.013169222,0.014574522,0.013777902,0.013824169,0.014906896,0.014089884,0.013947172,0.01422381,0.015636116,0.013588851,0.013553759,0.0131855495,0.013821382,0.013802361,0.01450281,0.0131512545,0.01293187,0.013918951,0.014166841,0.014161333,0.014580974,0.014371721,0.0155054005,0.013907351,0.014687303,0.014977764,0.014117656,0.015043162,0.014946053,0.015185838,0.013495687,0.014239082,0.013649757,0.0137120765,0.013964892,0.014885942,0.013970668,0.0139909685,0.014302649,0.014027297,0.014123403,0.014446855,0.014504649,0.013091981,0.01411138,0.014998318,0.01596948,0.012923773,0.013500375,0.013845961,0.013712149,0.015092829,0.0135327205,0.014789868,0.011976992
