video_id,sec,retention,diff
mM6sYTdPZ-0,88,87.0,13.5
8__NWVjeyZ8,513,69.0,13.499999999999993
Sf95qeC7BUs,311,67.5,11.999999999999993
q607HENWvqY,461,68.25,11.250000000000007
xK0GkyIVzq4,470,69.75,11.249999999999993
fwHhuHVNR4I,295,90.75,10.5
P9bVljfAWS8,573,73.5,10.5
porv8WwTSgc,352,72.0,10.5
ECP4p12A5FY,258,77.25,9.75
vopiJ3KKT-k,184,66.0,9.75
iKGmIRAfmCM,323,70.5,9.749999999999993
8__NWVjeyZ8,497,55.50000000000001,9.000000000000007
szF7osJgt-A,184,81.0,9.0
yKC5nekLvbs,229,86.25,9.0
GthDbmZFW-w,188,75.75,9.0
IgJxh-fJTBU,193,81.75,9.0
lYAEH2n3I58,579,68.25,8.25
EFxlvlchMw8,223,75.75,8.25
sujXtr4AVRU,319,84.75,8.25
lYAEH2n3I58,242,76.5,8.25
lgeLlSArJXU,214,75.75,8.25
9B3N8I4Vidc,242,60.75000000000001,7.500000000000007
IgJxh-fJTBU,181,72.75,7.5
3G6JrAq-w4M,225,83.25,7.5
iKGmIRAfmCM,331,78.0,7.5
szF7osJgt-A,177,72.0,7.5
VYYzb9KHawI,171,79.5,6.75
wS79wHHkjjw,218,54.75,6.75
mM6sYTdPZ-0,219,73.5,6.75
DhFuAhFMvms,595,71.25,6.75
mM6sYTdPZ-0,286,66.75,6.75
NE38Pn3CYRc,103,66.75,6.75
NE38Pn3CYRc,33,66.75,6.75
NE38Pn3CYRc,274,53.25,6.75
BZEZxzRJ-L4,647,76.5,6.75
BZEZxzRJ-L4,432,80.25,6.75
Sf95qeC7BUs,368,84.75,6.75
Sf95qeC7BUs,330,74.25,6.75
lLoSngvynB8,255,75.75,6.75
FYbEJ3oRgFk,7,83.25,6.75
v_puTGCZjnA,171,74.25,6.75
vopiJ3KKT-k,24,69.0,6.749999999999993
VYsqc9S5b9E,429,65.25,6.749999999999993
vopiJ3KKT-k,110,56.25,6.000000000000007
VYsqc9S5b9E,421,58.50000000000001,6.000000000000007
vopiJ3KKT-k,113,62.25000000000001,6.000000000000007
EFxlvlchMw8,211,67.5,6.0
3G6JrAq-w4M,197,74.25,6.0
Sf95qeC7BUs,949,71.25,6.0
rJxhpVu7BhU,242,74.25,6.0
rJxhpVu7BhU,253,80.25,6.0
8__NWVjeyZ8,528,75.0,6.0
mM6sYTdPZ-0,15,93.0,6.0
vopiJ3KKT-k,95,59.25,6.0
3G6JrAq-w4M,236,89.25,6.0
Ei6QuJppkb4,323,78.75,6.0
Ei6QuJppkb4,295,71.25,6.0
iKGmIRAfmCM,338,84.0,6.0
fwHhuHVNR4I,244,71.25,6.0
vopiJ3KKT-k,128,59.25,6.0
VYYzb9KHawI,159,69.0,5.250000000000007
xZnMwJQ4mfc,162,82.5,5.25
porv8WwTSgc,361,77.25,5.25
wS79wHHkjjw,223,60.0,5.25
yKC5nekLvbs,215,77.25,5.25
8YXWaEo201o,225,80.25,5.25
138P93_Z_u0,217,56.25,5.25
fwHhuHVNR4I,255,76.5,5.25
P9bVljfAWS8,580,78.75,5.25
K5zVqoMMj3Y,708,66.75,5.25
Ei6QuJppkb4,334,84.0,5.25
FYbEJ3oRgFk,53,36.0,5.25
Z6cbf9WN0c4,203,68.25,5.25
lgeLlSArJXU,227,81.0,5.25
lYAEH2n3I58,223,68.25,5.25
sujXtr4AVRU,307,76.5,5.25
9B3N8I4Vidc,249,66.0,5.249999999999993
szF7osJgt-A,164,63.74999999999999,5.249999999999986
porv8WwTSgc,304,61.5,4.500000000000007
porv8WwTSgc,336,61.5,4.500000000000007
FYbEJ3oRgFk,206,33.0,4.5000000000000036
wS79wHHkjjw,184,47.25,4.5
q607HENWvqY,475,72.75,4.5
lLoSngvynB8,267,80.25,4.5
138P93_Z_u0,253,67.5,4.5
DhFuAhFMvms,578,64.5,4.5
Z6cbf9WN0c4,154,54.0,4.5
Sf95qeC7BUs,76,80.25,4.5
VYsqc9S5b9E,438,69.75,4.5
GthDbmZFW-w,174,66.75,4.499999999999993
xK0GkyIVzq4,426,54.0,3.750000000000007
yXaJpj7Bb9w,501,32.25,3.7500000000000036
138P93_Z_u0,229,60.0,3.75
VYYzb9KHawI,165,72.75,3.75
P9bVljfAWS8,566,63.0,3.75
3PBo1GiAlbs,284,76.5,3.75
8__NWVjeyZ8,63,86.25,3.75
7g_56jn0NCA,352,69.75,3.75
VYsqc9S5b9E,376,48.75,3.75
Sf95qeC7BUs,1355,62.25000000000001,3.75
porv8WwTSgc,369,81.0,3.75
vopiJ3KKT-k,254,47.25,3.75
ECP4p12A5FY,272,81.0,3.75
rJxhpVu7BhU,231,68.25,3.75
xK0GkyIVzq4,484,73.5,3.75
yXaJpj7Bb9w,520,36.0,3.75
vopiJ3KKT-k,214,47.25,3.75
Sf95qeC7BUs,349,78.0,3.75
K5zVqoMMj3Y,766,70.5,3.75
Sf95qeC7BUs,736,70.5,3.75
RhVq2oJpsEY,403,81.75,3.75
3G6JrAq-w4M,188,68.25,3.75
RhVq2oJpsEY,362,75.0,3.75
VYsqc9S5b9E,412,52.5,3.75
Sf95qeC7BUs,1511,62.25000000000001,3.75
K5zVqoMMj3Y,878,69.0,3.75
8__NWVjeyZ8,481,46.5,3.75
K5zVqoMMj3Y,719,70.5,3.75
BZEZxzRJ-L4,664,80.25,3.75
8__NWVjeyZ8,723,71.25,3.75
U8e1Pd7aBLY,793,73.5,3.75
iKGmIRAfmCM,261,59.25,3.749999999999993
Z6cbf9WN0c4,166,57.74999999999999,3.749999999999993
iKGmIRAfmCM,293,64.5,3.749999999999993
VYYzb9KHawI,117,63.74999999999999,3.749999999999993
Z6cbf9WN0c4,179,60.75000000000001,3.000000000000014
vopiJ3KKT-k,82,53.25,3.000000000000007
gYHHQNT6100,373,60.0,3.000000000000007
VYYzb9KHawI,112,60.0,3.000000000000007
8__NWVjeyZ8,1252,62.25000000000001,3.000000000000007
8__NWVjeyZ8,1365,62.25000000000001,3.000000000000007
szF7osJgt-A,137,60.0,3.000000000000007
P9bVljfAWS8,484,55.50000000000001,3.000000000000007
vopiJ3KKT-k,21,62.25000000000001,3.000000000000007
rJxhpVu7BhU,450,78.75,3.0
9B3N8I4Vidc,257,69.0,3.0
v_puTGCZjnA,186,77.25,3.0
BZEZxzRJ-L4,182,84.0,3.0
vVZDZxRRXDI,403,74.25,3.0
3G6JrAq-w4M,103,66.0,3.0
xK0GkyIVzq4,455,58.50000000000001,3.0
vopiJ3KKT-k,248,43.5,3.0
vopiJ3KKT-k,282,43.5,3.0
xK0GkyIVzq4,603,74.25,3.0
9B3N8I4Vidc,220,54.0,3.0
rJxhpVu7BhU,219,64.5,3.0
qoqjZR52lOQ,1092,63.0,3.0
lLoSngvynB8,217,67.5,3.0
K5zVqoMMj3Y,507,76.5,3.0
ie3vumn9Je4,82,75.75,3.0
fwHhuHVNR4I,285,80.25,3.0
FYbEJ3oRgFk,138,36.0,3.0
FYbEJ3oRgFk,131,36.0,3.0
FYbEJ3oRgFk,99,36.0,3.0
mBzEZBF1a_U,239,42.75,3.0
pfacUo-6wNs,279,49.5,3.0
mBzEZBF1a_U,251,45.75,3.0
BZEZxzRJ-L4,1211,66.0,3.0
FYbEJ3oRgFk,67,36.0,3.0
RhVq2oJpsEY,1184,66.0,3.0
RhVq2oJpsEY,780,72.0,3.0
U8e1Pd7aBLY,451,81.0,3.0
RkwsqGM4_DE,148,81.0,3.0
3PBo1GiAlbs,1032,66.0,3.0
3G6JrAq-w4M,112,69.0,3.0
Sf95qeC7BUs,136,81.75,3.0
vVZDZxRRXDI,564,76.5,3.0
3PBo1GiAlbs,260,69.75,3.0
3G6JrAq-w4M,206,77.25,3.0
3PBo1GiAlbs,272,72.75,3.0
6Ha1lqRKMig,232,63.0,3.0
vopiJ3KKT-k,9,69.0,3.0
vopiJ3KKT-k,193,56.25,3.0
vopiJ3KKT-k,181,56.25,3.0
vopiJ3KKT-k,141,59.25,3.0
vopiJ3KKT-k,171,56.25,3.0
vopiJ3KKT-k,162,59.25,3.0
vopiJ3KKT-k,159,56.25,3.0
138P93_Z_u0,241,63.0,3.0
Ei6QuJppkb4,285,65.25,2.999999999999993
Sf95qeC7BUs,1086,65.25,2.999999999999993
lYAEH2n3I58,850,56.99999999999999,2.999999999999993
vopiJ3KKT-k,267,50.24999999999999,2.999999999999993
8__NWVjeyZ8,1154,57.74999999999999,2.999999999999993
P9bVljfAWS8,542,60.0,2.250000000000007
Sf95qeC7BUs,1587,60.0,2.250000000000007
iKGmIRAfmCM,308,62.25000000000001,2.250000000000007
8__NWVjeyZ8,1170,60.0,2.250000000000007
Sf95qeC7BUs,1743,60.0,2.250000000000007
Sf95qeC7BUs,1667,59.25,2.250000000000007
P9bVljfAWS8,528,58.50000000000001,2.250000000000007
P9bVljfAWS8,558,59.25,2.250000000000007
Nvq6okhPSOw,270,55.50000000000001,2.250000000000007
8__NWVjeyZ8,1412,59.25,2.250000000000007
8__NWVjeyZ8,1346,59.25,2.250000000000007
qoqjZR52lOQ,1077,60.0,2.250000000000007
DhFuAhFMvms,495,55.50000000000001,2.250000000000007
DhFuAhFMvms,527,59.25,2.250000000000007
FYbEJ3oRgFk,344,30.75,2.2500000000000036
FYbEJ3oRgFk,326,30.75,2.2500000000000036
FYbEJ3oRgFk,192,30.75,2.2500000000000036
FYbEJ3oRgFk,273,30.75,2.2500000000000036
FYbEJ3oRgFk,305,30.75,2.2500000000000036
W6enyqR-1Jw,238,75.0,2.25
RhVq2oJpsEY,376,77.25,2.25
3PBo1GiAlbs,474,78.75,2.25
Q1ZmiQVX9cY,93,75.0,2.25
FYbEJ3oRgFk,117,33.0,2.25
U8e1Pd7aBLY,609,75.75,2.25
VYYzb9KHawI,182,83.25,2.25
W6enyqR-1Jw,460,69.0,2.25
Ei6QuJppkb4,171,90.0,2.25
U8e1Pd7aBLY,368,81.75,2.25
Nvq6okhPSOw,254,53.25,2.25
K5zVqoMMj3Y,123,89.25,2.25
EhAdb6fIEe0,91,75.75,2.25
Sf95qeC7BUs,406,78.75,2.25
sujXtr4AVRU,269,68.25,2.25
porv8WwTSgc,281,56.25,2.25
v_puTGCZjnA,670,68.25,2.25
wS79wHHkjjw,201,45.0,2.25
BZEZxzRJ-L4,449,82.5,2.25
kifrPvJigCU,95,83.25,2.25
szF7osJgt-A,124,56.25,2.25
EFxlvlchMw8,718,69.75,2.25
iKGmIRAfmCM,285,60.75000000000001,2.25
fwHhuHVNR4I,234,65.25,2.25
GthDbmZFW-w,203,78.0,2.25
hnyYg62DY4E,145,82.5,2.25
FYbEJ3oRgFk,127,33.0,2.25
mBzEZBF1a_U,228,39.75,2.25
FYbEJ3oRgFk,348,33.0,2.25
gkSAR3jbMjA,325,84.75,2.25
lLoSngvynB8,242,69.0,2.25
ib29EiVnmJM,225,73.5,2.25
8__NWVjeyZ8,1091,60.75000000000001,2.25
8__NWVjeyZ8,305,76.5,2.25
FYbEJ3oRgFk,92,33.0,2.25
FYbEJ3oRgFk,170,33.0,2.25
wS79wHHkjjw,212,48.0,2.25
Sf95qeC7BUs,562,71.25,2.25
3PBo1GiAlbs,297,78.75,2.25
6Ha1lqRKMig,243,65.25,2.25
138P93_Z_u0,265,69.75,2.25
138P93_Z_u0,205,51.0,2.25
BZEZxzRJ-L4,166,81.0,2.25
FYbEJ3oRgFk,32,42.75,2.25
DhFuAhFMvms,743,73.5,2.25
ECP4p12A5FY,1289,70.5,2.25
138P93_Z_u0,362,74.25,2.25
vVZDZxRRXDI,416,76.5,2.25
FYbEJ3oRgFk,259,28.499999999999996,2.2499999999999964
Z6cbf9WN0c4,191,63.0,2.249999999999993
GthDbmZFW-w,944,64.5,2.249999999999993
q607HENWvqY,447,56.99999999999999,2.249999999999993
Sf95qeC7BUs,1200,63.0,2.249999999999993
VYYzb9KHawI,129,64.5,2.249999999999993
fwHhuHVNR4I,204,63.0,2.249999999999993
DhFuAhFMvms,1303,64.5,2.249999999999993
lYAEH2n3I58,705,58.50000000000001,1.5000000000000142
8__NWVjeyZ8,1283,58.50000000000001,1.5000000000000142
yv4o4Epz1eM,1400,58.50000000000001,1.5000000000000142
P9bVljfAWS8,499,58.50000000000001,1.5000000000000142
8__NWVjeyZ8,1236,59.25,1.500000000000007
9B3N8I4Vidc,234,53.25,1.500000000000007
Sf95qeC7BUs,1413,60.75000000000001,1.500000000000007
vVZDZxRRXDI,1197,60.75000000000001,1.500000000000007
IgJxh-fJTBU,167,65.25,1.500000000000007
6Ha1lqRKMig,201,59.25,1.500000000000007
xK0GkyIVzq4,441,55.50000000000001,1.500000000000007
8__NWVjeyZ8,1026,60.75000000000001,1.500000000000007
DhFuAhFMvms,543,60.75000000000001,1.500000000000007
yXaJpj7Bb9w,1179,27.750000000000004,1.5000000000000036
K5zVqoMMj3Y,134,90.75,1.5
K5zVqoMMj3Y,112,87.0,1.5
IgJxh-fJTBU,951,66.0,1.5
Mc0b511IaVU,190,84.0,1.5
P9bVljfAWS8,468,56.25,1.5
LH3DvvXTxzc,234,75.75,1.5
Ei6QuJppkb4,304,72.75,1.5
OpuMLYUuP_M,124,80.25,1.5
EhAdb6fIEe0,398,64.5,1.5
Sf95qeC7BUs,812,66.75,1.5
IgJxh-fJTBU,144,62.25000000000001,1.5
Sf95qeC7BUs,600,71.25,1.5
Sf95qeC7BUs,657,69.75,1.5
Sf95qeC7BUs,231,56.25,1.5
Q1ZmiQVX9cY,1643,44.25,1.5
RkwsqGM4_DE,121,81.75,1.5
8__NWVjeyZ8,160,81.75,1.5
8YXWaEo201o,236,81.75,1.5
138P93_Z_u0,603,69.0,1.5
138P93_Z_u0,953,63.0,1.5
vVZDZxRRXDI,915,69.0,1.5
1J5zlq2Vs3Y,926,45.75,1.5
7g_56jn0NCA,1006,63.0,1.5
8YXWaEo201o,169,76.5,1.5
138P93_Z_u0,193,48.75,1.5
YubjPoEmzgU,453,64.5,1.5
W6enyqR-1Jw,1132,54.75,1.5
Q1ZmiQVX9cY,1625,42.75,1.5
VYYzb9KHawI,176,81.0,1.5
U8e1Pd7aBLY,442,78.0,1.5
U8e1Pd7aBLY,507,78.0,1.5
U8e1Pd7aBLY,562,75.75,1.5
GthDbmZFW-w,727,69.0,1.5
3G6JrAq-w4M,245,90.75,1.5
7g_56jn0NCA,847,66.75,1.5
3PBo1GiAlbs,190,70.5,1.5
7g_56jn0NCA,404,72.0,1.5
8YXWaEo201o,596,72.0,1.5
4WcGtcKKoWg,533,78.0,1.5
6_qPAwOsDi0,950,63.0,1.5
8YXWaEo201o,585,70.5,1.5
GthDbmZFW-w,552,70.5,1.5
BZEZxzRJ-L4,1129,62.25000000000001,1.5
BZEZxzRJ-L4,764,68.25,1.5
e21aHqRYPKE,876,70.5,1.5
e21aHqRYPKE,372,80.25,1.5
BZEZxzRJ-L4,631,69.75,1.5
GthDbmZFW-w,566,72.0,1.5
ECP4p12A5FY,545,76.5,1.5
8__NWVjeyZ8,705,67.5,1.5
8__NWVjeyZ8,418,46.5,1.5
lYAEH2n3I58,963,51.0,1.5
lYAEH2n3I58,207,63.0,1.5
lYAEH2n3I58,434,66.75,1.5
ie3vumn9Je4,362,62.25000000000001,1.5
ie3vumn9Je4,750,45.75,1.5
pfacUo-6wNs,538,48.75,1.5
e21aHqRYPKE,360,78.75,1.5
Ei6QuJppkb4,657,78.75,1.5
Z6cbf9WN0c4,214,69.75,1.5
pfacUo-6wNs,1615,38.25,1.5
pfacUo-6wNs,575,48.75,1.5
BZEZxzRJ-L4,813,67.5,1.5
K5zVqoMMj3Y,596,72.75,1.5
hnyYg62DY4E,133,80.25,1.5
gkSAR3jbMjA,613,81.0,1.5
gkSAR3jbMjA,498,81.75,1.5
gkSAR3jbMjA,86,87.75,1.5
gYHHQNT6100,1217,44.25,1.5
U8e1Pd7aBLY,211,85.5,1.5
U8e1Pd7aBLY,258,85.5,1.5
hnyYg62DY4E,206,78.0,1.5
jPVQgOI33V0,488,70.5,1.5
ECP4p12A5FY,458,78.75,1.5
Db6f982wxPg,459,72.0,1.5
DhFuAhFMvms,116,84.0,1.5
ECP4p12A5FY,429,79.5,1.5
ECP4p12A5FY,974,69.0,1.5
ECP4p12A5FY,56,87.0,1.5
EFxlvlchMw8,235,77.25,1.5
v_puTGCZjnA,327,78.75,1.5
pfacUo-6wNs,1743,38.25,1.5
q607HENWvqY,664,69.75,1.5
qoqjZR52lOQ,1381,54.75,1.5
sujXtr4AVRU,1056,71.25,1.5
sujXtr4AVRU,74,88.5,1.5
sujXtr4AVRU,221,68.25,1.5
sujXtr4AVRU,281,69.75,1.5
sujXtr4AVRU,293,71.25,1.5
sujXtr4AVRU,490,81.0,1.5
ECP4p12A5FY,1261,68.25,1.5
vVZDZxRRXDI,121,84.75,1.5
BZEZxzRJ-L4,416,73.5,1.5
vVZDZxRRXDI,390,71.25,1.5
szF7osJgt-A,196,82.5,1.5
vVZDZxRRXDI,108,83.25,1.5
8__NWVjeyZ8,899,63.0,1.5
8__NWVjeyZ8,802,66.0,1.5
8__NWVjeyZ8,770,66.75,1.5
9B3N8I4Vidc,212,51.0,1.5
vVZDZxRRXDI,350,68.25,1.5
yXaJpj7Bb9w,1539,25.5,1.5
porv8WwTSgc,465,82.5,1.5
yXaJpj7Bb9w,799,32.25,1.5
yKC5nekLvbs,184,70.5,1.5
yv4o4Epz1eM,1156,63.0,1.5
yv4o4Epz1eM,68,81.75,1.5
yKC5nekLvbs,198,72.0,1.5
xK0GkyIVzq4,118,78.75,1.5
wS79wHHkjjw,229,61.5,1.5
yXaJpj7Bb9w,301,47.25,1.5
3PBo1GiAlbs,178,69.0,1.5
ib29EiVnmJM,421,60.0,1.499999999999993
GthDbmZFW-w,1214,57.74999999999999,1.499999999999993
Z6cbf9WN0c4,642,60.0,1.499999999999993
BZEZxzRJ-L4,1461,60.0,1.499999999999993
BZEZxzRJ-L4,1311,60.0,1.499999999999993
xK0GkyIVzq4,1044,63.74999999999999,1.4999999999999858
3PBo1GiAlbs,984,63.74999999999999,1.4999999999999858
P9bVljfAWS8,491,56.99999999999999,1.4999999999999858
IgJxh-fJTBU,155,63.74999999999999,1.4999999999999858
P9bVljfAWS8,513,56.99999999999999,1.4999999999999858
DhFuAhFMvms,511,56.99999999999999,1.4999999999999858
