feature,corr_with_positive_spike
ad_density_percent,0.2487728197021394
is_ad,0.17671683998261423
llm_interval_label_mean__trigger_urgency,0.1513768839285022
sent_gratitude,0.14136636511120465
ad_segment_length,0.13640113868298448
speech_complexity,0.12261638593879715
llm_evidence_water_ratio_mean,0.11723539110608046
llm_emotion__personal_pronoun_ratio,0.11649142250189379
llm_interval_label_mean__promise_result,0.11080967220111095
n_ad_segments,0.09653166061773881
curiosity_gap,0.09580643781291547
avg_word_length,0.08774224469271664
sent_excitement,0.08685139337630322
cumulative_info,0.08397273840539361
llm_integration_confidence,0.07708494957757797
flow_mag_med,0.07543212591934884
sent_annoyance,0.07498976898424169
sent_pride,0.07018433952540616
sent_anger,0.06930299755362557
bumper_score,0.06455406028819893
llm_interval_label_mean__quick_tip,0.0633869622248574
is_ad_x_viewer_address,0.061913664785850996
sent_neutral,0.05717525032750144
retention,0.0568814803023353
is_question,0.05441555469253876
viewer_engagement,0.05416912925164697
llm_interval_label_mean__solution_simple,0.05222546263127605
llm_interval_label_mean__solution_fast,0.0472625537922658
llm_emotion__emotional_polarity_ratio,0.04349669694573812
ekman_excitement,0.042582093406242014
viewer_address,0.03964275152475764
screencast_prob,0.03510115182597179
early_retention_drop_30s,0.03465055659457367
sent_amusement,0.032906987236249255
llm_expectation_alignment_score,0.03206231843534488
sent_relief,0.031080731640934466
lexical_diversity,0.030198819462916218
sent_approval,0.029543940326546045
sent_disgust,0.02935472763172256
comment_reply_depth_30s,0.023238632277775298
radial_med,0.02206366582074219
wps,0.02027486357270519
sent_caring,0.01993663942893453
topic_shift,0.018990051898923836
hook_score,0.017678565766801883
sent_curiosity,0.016302915607971914
timecode_like_weighted_30s,0.007119946177797308
brightness,0.0065230070832084635
syntactic_depth,0.006191541123109905
voiced_frac,0.0060071064140167696
semantic_momentum,0.005069660304352114
ekman_neutral,0.004798898089359263
llm_integration_evidence_count_max,0.0041799358260331656
sent_fear,0.000413317840167499
hook_similarity,-0.001583533806600338
sent_joy,-0.004735814363743599
llm_expectation_mismatch_points_count,-0.00728929581753032
mean_retention_prior,-0.008115292651135161
information_density,-0.010158835897919393
ekman_intensity,-0.010247685044861267
narrative_momentum,-0.010836210507592892
rms,-0.011398913181101717
crutch_cnt,-0.011873473507898994
storytelling,-0.012254819863053207
motion_speed,-0.012266093002539828
semantic_novelty,-0.012880546813229948
sent_realization,-0.01317872842108261
question_density,-0.014594781895901597
llm_emotion__negative_emotion_ratio,-0.014614144835070595
sent_embarrassment,-0.015679076290429618
author_reply_rate_video,-0.01605897668921821
speech_rate_cv,-0.01712367710164278
llm_evidence_authority_intervals,-0.017520705026243245
has_person_mention,-0.018662714165594285
llm_segments_count,-0.023483671298179316
scene_novelty,-0.02362303182326264
sent_nervousness,-0.02378519693404692
visual_audio_sync,-0.02394302790195917
hook_has_address,-0.025225651256952718
sent_disapproval,-0.026106352996815237
edit_pace,-0.029807066403721997
llm_emotion__positive_emotion_ratio,-0.030889846707349268
text_prob,-0.03220829434785509
radial_ratio,-0.033833088148874806
pitch_std,-0.03480269343715977
engagement_surprise,-0.03514296089966827
sent_admiration,-0.03575055801440856
has_example,-0.03603302887106779
sent_confusion,-0.03640971628097386
comment_positive_rate_30s,-0.03714120256913506
pitch_mean,-0.040403060574959467
rolloff,-0.040576299868599876
sent_optimism,-0.04123203867695232
llm_interval_label_mean__trigger_watch_to_end,-0.0419247707621231
beat_sync_ratio,-0.04237415850097891
pause_rate,-0.04332323256591447
segment_self_similarity,-0.04398026334271072
ekman_sadness,-0.04410014435007456
sent_desire,-0.04411557209926733
beat_sync,-0.04466689524178687
loudness_variance,-0.04672658228958395
edit_pace_x_screencast,-0.047329217884480905
sent_grief,-0.047613964467991966
llm_interval_label_mean__pain_point,-0.04989961195096653
centroid,-0.05042802930976022
sent_surprise,-0.052194809924281355
loudness_change,-0.05281703603083253
llm_evidence_analytical_intervals,-0.05293302211339737
zcr,-0.0539977472807681
topic_change_rate,-0.05579754529619589
overlay_prob,-0.056926519198931366
llm_interval_label_mean__solution_radical,-0.05722069311068518
llm_linguistic__avg_word_length,-0.05790893803298355
unique_classes,-0.058013165057949206
content_rhythm,-0.05853671417031249
is_outro,-0.058803550678726065
speaker_prob,-0.05984680149304625
comment_question_rate_30s,-0.05991181323038345
llm_emotion__energy_density,-0.06021384367911446
sent_love,-0.06104015535971473
comment_density_30s,-0.06215094935511268
sent_sadness,-0.06393887576837584
sent_remorse,-0.06499690094519166
ekman_joy,-0.06650466171800366
sent_disappointment,-0.06704730461257395
sharpness,-0.07047529114484172
llm_linguistic__subordinate_clause_ratio,-0.07091697162879698
visual_entropy,-0.07158750615465374
is_intro,-0.07344624630904968
llm_interval_label_mean__problem_consequence,-0.07644424054809307
llm_integration_present,-0.07812765709505566
object_count,-0.08001837346298833
llm_interval_label_mean__why_important,-0.08332475076027523
n_chapters,-0.09086867352195303
llm_linguistic__foreign_terms_count,-0.09273750626340475
cultural_ref_cnt,-0.10198361831943543
llm_linguistic__avg_sentence_length,-0.11688449566143912
llm_integration_suggested_next_step_present,-0.12140038382384169
complex_words_ratio_video,-0.12665805448968134
desc_chapter_boundary_dist,-0.12782013253079813
llm_abstract_intervals_total,-0.13053812644795015
chapter_id,-0.13218117335323576
llm_evidence_concreteness_density_mean,-0.13715051384061597
avg_comment_length_video,-0.13988085060875935
llm_duration_seconds,-0.14466958793809884
duration_sec,-0.14508731077426945
llm_abstract_total_count,-0.1562660227416046
llm_linguistic__rare_word_ratio,-0.16389995294747844
llm_abstract_intervals_with_feature,-0.17584703270592797
llm_linguistic__flesch_reading_ease,-0.18580543168342747
log1p_view_count,-0.19780669557920158
time_sec,-0.21526230445450914
frame,-0.215826251454277
