time_sec,baseline_retention,baseline_std
0,113.59,3.71
1,113.06,3.95
2,112.52,4.27
3,111.87,4.57
4,110.98,4.78
5,109.92,4.91
6,108.81,5.03
7,107.7,5.16
8,106.58,5.3
9,105.47,5.46
10,104.35,5.62
11,103.24,5.8
12,102.12,5.99
13,101.0,6.18
14,99.89,6.39
15,98.77,6.6
16,97.66,6.81
17,96.54,7.0
18,95.42,7.19
19,94.36,7.37
20,93.54,7.5
21,93.05,7.49
22,92.66,7.47
23,92.27,7.47
24,91.88,7.47
25,91.5,7.47
26,91.12,7.48
27,90.74,7.5
28,90.36,7.52
29,89.98,7.55
30,89.6,7.58
31,89.22,7.62
32,88.83,7.66
33,88.46,7.71
34,88.09,7.77
35,87.73,7.83
36,87.37,7.88
37,87.0,7.92
38,86.64,7.97
39,86.32,7.98
40,86.09,7.98
41,85.93,7.96
42,85.78,7.95
43,85.64,7.93
44,85.49,7.92
45,85.34,7.9
46,85.2,7.89
47,85.05,7.88
48,84.9,7.87
49,84.76,7.86
50,84.61,7.85
51,84.47,7.84
52,84.32,7.84
53,84.18,7.83
54,84.03,7.83
55,83.88,7.84
56,83.72,7.85
57,83.57,7.87
58,83.43,7.88
59,83.3,7.89
60,83.2,7.91
61,83.12,7.93
62,83.04,7.95
63,82.97,7.97
64,82.89,7.99
65,82.81,8.02
66,82.74,8.05
67,82.66,8.07
68,82.59,8.1
69,82.51,8.13
70,82.43,8.16
71,82.36,8.19
72,82.29,8.21
73,82.22,8.23
74,82.15,8.25
75,82.08,8.28
76,82.01,8.3
77,81.94,8.32
78,81.88,8.35
79,81.82,8.36
80,81.77,8.37
81,81.72,8.38
82,81.68,8.39
83,81.63,8.4
84,81.59,8.41
85,81.54,8.42
86,81.49,8.43
87,81.45,8.45
88,81.4,8.46
89,81.36,8.48
90,81.31,8.49
91,81.26,8.5
92,81.22,8.51
93,81.17,8.54
94,81.11,8.56
95,81.06,8.59
96,81.01,8.61
97,80.96,8.63
98,80.91,8.66
99,80.85,8.68
100,80.8,8.71
101,80.75,8.74
102,80.7,8.77
103,80.64,8.8
104,80.58,8.83
105,80.53,8.87
106,80.47,8.91
107,80.42,8.94
108,80.37,8.96
109,80.32,8.98
110,80.27,9.0
111,80.22,9.01
112,80.17,9.03
113,80.13,9.05
114,80.08,9.06
115,80.03,9.07
116,79.99,9.09
117,79.94,9.1
118,79.89,9.12
119,79.85,9.13
120,79.8,9.15
121,79.75,9.17
122,79.72,9.18
123,79.69,9.18
124,79.66,9.19
125,79.64,9.2
126,79.61,9.21
127,79.58,9.22
128,79.56,9.23
129,79.53,9.23
130,79.5,9.25
131,79.48,9.25
132,79.45,9.26
133,79.43,9.27
134,79.4,9.28
135,79.38,9.29
136,79.35,9.31
137,79.33,9.32
138,79.3,9.33
139,79.28,9.35
140,79.25,9.36
141,79.23,9.38
142,79.19,9.39
143,79.16,9.41
144,79.12,9.41
145,79.09,9.42
146,79.06,9.43
147,79.02,9.44
148,78.99,9.45
149,78.96,9.45
150,78.92,9.46
151,78.89,9.47
152,78.85,9.48
153,78.82,9.5
154,78.79,9.51
155,78.75,9.52
156,78.72,9.53
157,78.68,9.55
158,78.65,9.56
159,78.61,9.58
160,78.58,9.59
161,78.54,9.61
162,78.5,9.62
163,78.46,9.62
164,78.42,9.64
165,78.38,9.67
166,78.34,9.69
167,78.29,9.72
168,78.25,9.74
169,78.2,9.77
170,78.16,9.79
171,78.12,9.82
172,78.07,9.86
173,78.03,9.89
174,77.99,9.93
175,77.94,9.96
176,77.9,10.0
177,77.86,10.04
178,77.81,10.08
179,77.77,10.12
180,77.72,10.15
181,77.68,10.17
182,77.63,10.18
183,77.58,10.19
184,77.54,10.2
185,77.49,10.22
186,77.44,10.23
187,77.4,10.25
188,77.35,10.27
189,77.3,10.29
190,77.26,10.32
191,77.21,10.34
192,77.16,10.37
193,77.12,10.4
194,77.07,10.44
195,77.02,10.47
196,76.97,10.51
197,76.93,10.55
198,76.88,10.6
199,76.84,10.64
200,76.8,10.67
201,76.76,10.69
202,76.72,10.7
203,76.68,10.71
204,76.64,10.72
205,76.6,10.73
206,76.57,10.74
207,76.53,10.75
208,76.49,10.77
209,76.45,10.79
210,76.42,10.8
211,76.38,10.82
212,76.34,10.84
213,76.31,10.86
214,76.27,10.88
215,76.23,10.9
216,76.2,10.92
217,76.16,10.94
218,76.12,10.96
219,76.09,10.98
220,76.05,11.0
221,76.01,10.99
222,75.97,10.99
223,75.93,10.99
224,75.89,10.99
225,75.85,10.99
226,75.8,10.99
227,75.76,10.99
228,75.72,10.99
229,75.68,11.0
230,75.64,11.0
231,75.6,11.01
232,75.56,11.01
233,75.52,11.02
234,75.48,11.03
235,75.44,11.04
236,75.4,11.05
237,75.36,11.06
238,75.31,11.07
239,75.27,11.08
240,75.23,11.07
241,75.2,11.06
242,75.16,11.04
243,75.12,11.03
244,75.08,11.02
245,75.04,11.0
246,75.0,10.99
247,74.96,10.98
248,74.92,10.97
249,74.88,10.96
250,74.84,10.95
251,74.8,10.94
252,74.77,10.93
253,74.73,10.92
254,74.69,10.9
255,74.65,10.9
256,74.61,10.88
257,74.57,10.87
258,74.53,10.86
259,74.48,10.85
260,74.44,10.84
261,74.39,10.82
262,74.35,10.81
263,74.3,10.81
264,74.25,10.81
265,74.21,10.81
266,74.16,10.81
267,74.11,10.82
268,74.06,10.83
269,74.02,10.84
270,73.97,10.85
271,73.92,10.88
272,73.87,10.9
273,73.83,10.93
274,73.78,10.96
275,73.73,10.99
276,73.68,11.03
277,73.63,11.07
278,73.58,11.11
279,73.55,11.12
280,73.53,11.12
281,73.51,11.12
282,73.49,11.11
283,73.47,11.11
284,73.45,11.1
285,73.43,11.1
286,73.41,11.1
287,73.39,11.1
288,73.37,11.1
289,73.35,11.1
290,73.33,11.1
291,73.31,11.11
292,73.3,11.12
293,73.28,11.13
294,73.26,11.15
295,73.25,11.16
296,73.23,11.18
297,73.21,11.2
298,73.19,11.21
299,73.18,11.23
300,73.16,11.25
301,73.14,11.28
302,73.12,11.28
303,73.11,11.27
304,73.09,11.26
305,73.07,11.26
306,73.06,11.25
307,73.04,11.25
308,73.03,11.24
309,73.01,11.24
310,72.99,11.23
311,72.98,11.23
312,72.96,11.23
313,72.95,11.23
314,72.93,11.23
315,72.92,11.23
316,72.9,11.23
317,72.89,11.24
318,72.87,11.24
319,72.86,11.25
320,72.85,11.26
321,72.83,11.26
322,72.83,11.25
323,72.82,11.24
324,72.82,11.22
325,72.81,11.21
326,72.81,11.2
327,72.81,11.18
328,72.8,11.17
329,72.8,11.15
330,72.8,11.14
331,72.8,11.13
332,72.79,11.12
333,72.79,11.11
334,72.79,11.1
335,72.79,11.09
336,72.79,11.09
337,72.78,11.08
338,72.78,11.08
339,72.78,11.08
340,72.78,11.07
341,72.78,11.08
342,72.78,11.07
343,72.79,11.07
344,72.79,11.07
345,72.8,11.07
346,72.8,11.08
347,72.8,11.08
348,72.81,11.09
349,72.81,11.11
350,72.81,11.12
351,72.81,11.13
352,72.81,11.15
353,72.82,11.16
354,72.82,11.18
355,72.82,11.2
356,72.82,11.21
357,72.83,11.23
358,72.83,11.25
359,72.83,11.27
360,72.83,11.28
361,72.83,11.29
362,72.82,11.29
363,72.81,11.28
364,72.8,11.27
365,72.79,11.26
366,72.79,11.25
367,72.78,11.24
368,72.77,11.24
369,72.76,11.23
370,72.75,11.22
371,72.74,11.22
372,72.73,11.21
373,72.72,11.21
374,72.71,11.2
375,72.7,11.2
376,72.69,11.2
377,72.68,11.2
378,72.67,11.19
379,72.66,11.19
380,72.65,11.19
381,72.64,11.17
382,72.63,11.15
383,72.62,11.13
384,72.61,11.11
385,72.6,11.09
386,72.59,11.07
387,72.58,11.05
388,72.57,11.03
389,72.56,11.02
390,72.56,11.0
391,72.55,10.99
392,72.54,10.97
393,72.53,10.96
394,72.52,10.95
395,72.51,10.94
396,72.5,10.93
397,72.49,10.92
398,72.48,10.91
399,72.47,10.91
400,72.47,10.9
401,72.47,10.89
402,72.46,10.89
403,72.46,10.88
404,72.46,10.88
405,72.46,10.87
406,72.46,10.87
407,72.46,10.87
408,72.45,10.86
409,72.45,10.86
410,72.45,10.86
411,72.45,10.86
412,72.45,10.86
413,72.45,10.86
414,72.45,10.86
415,72.44,10.87
416,72.44,10.87
417,72.44,10.88
418,72.44,10.88
419,72.43,10.89
420,72.43,10.89
421,72.42,10.89
422,72.41,10.89
423,72.4,10.89
424,72.39,10.89
425,72.39,10.89
426,72.38,10.89
427,72.37,10.89
428,72.36,10.89
429,72.35,10.9
430,72.34,10.9
431,72.33,10.9
432,72.32,10.91
433,72.31,10.92
434,72.3,10.92
435,72.29,10.93
436,72.28,10.93
437,72.27,10.94
438,72.26,10.95
439,72.24,10.96
440,72.21,10.98
441,72.17,11.0
442,72.13,11.03
443,72.1,11.05
444,72.06,11.08
445,72.02,11.11
446,71.98,11.14
447,71.94,11.18
448,71.9,11.21
449,71.87,11.25
450,71.83,11.28
451,71.8,11.31
452,71.76,11.35
453,71.73,11.38
454,71.69,11.42
455,71.66,11.46
456,71.63,11.49
457,71.6,11.53
458,71.56,11.56
459,71.54,11.58
460,71.51,11.58
461,71.49,11.58
462,71.46,11.58
463,71.44,11.58
464,71.42,11.58
465,71.39,11.58
466,71.37,11.59
467,71.34,11.59
468,71.32,11.6
469,71.3,11.6
470,71.27,11.61
471,71.25,11.62
472,71.22,11.64
473,71.2,11.65
474,71.18,11.66
475,71.15,11.67
476,71.13,11.69
477,71.11,11.7
478,71.08,11.71
479,71.07,11.71
480,71.06,11.7
481,71.05,11.69
482,71.05,11.68
483,71.04,11.67
484,71.03,11.66
485,71.03,11.64
486,71.02,11.63
487,71.01,11.63
488,71.0,11.62
489,71.0,11.61
490,70.99,11.6
491,70.98,11.59
492,70.97,11.58
493,70.97,11.58
494,70.96,11.57
495,70.95,11.57
496,70.94,11.56
497,70.94,11.56
498,70.93,11.56
499,70.92,11.55
500,70.91,11.55
501,70.9,11.55
502,70.9,11.54
503,70.91,11.53
504,70.91,11.51
505,70.91,11.5
506,70.91,11.49
507,70.92,11.48
508,70.92,11.48
509,70.93,11.47
510,70.93,11.47
511,70.93,11.47
512,70.94,11.47
513,70.95,11.48
514,70.95,11.49
515,70.96,11.49
516,70.96,11.5
517,70.97,11.51
518,70.98,11.52
519,70.98,11.53
520,70.99,11.55
521,70.99,11.56
522,70.98,11.58
523,70.97,11.59
524,70.96,11.61
525,70.94,11.62
526,70.93,11.64
527,70.91,11.66
528,70.9,11.67
529,70.88,11.69
530,70.86,11.7
531,70.84,11.71
532,70.81,11.72
533,70.79,11.73
534,70.77,11.74
535,70.75,11.76
536,70.72,11.77
537,70.7,11.79
538,70.68,11.81
539,70.66,11.83
540,70.63,11.85
541,70.61,11.86
542,70.59,11.86
543,70.56,11.85
544,70.55,11.85
545,70.53,11.84
546,70.51,11.84
547,70.49,11.84
548,70.48,11.84
549,70.46,11.84
550,70.45,11.84
551,70.43,11.85
552,70.42,11.85
553,70.4,11.86
554,70.39,11.87
555,70.38,11.88
556,70.36,11.89
557,70.35,11.91
558,70.33,11.92
559,70.32,11.93
560,70.31,11.95
561,70.3,11.96
562,70.29,11.96
563,70.28,11.97
564,70.27,11.98
565,70.26,11.99
566,70.25,12.0
567,70.24,12.01
568,70.23,12.02
569,70.22,12.03
570,70.21,12.05
571,70.2,12.06
572,70.18,12.08
573,70.17,12.09
574,70.16,12.11
575,70.15,12.13
576,70.13,12.15
577,70.12,12.17
578,70.11,12.19
579,70.09,12.21
580,70.08,12.23
581,70.05,12.22
582,70.03,12.21
583,70.0,12.2
584,69.98,12.18
585,69.95,12.17
586,69.92,12.15
587,69.89,12.14
588,69.87,12.13
589,69.84,12.12
590,69.81,12.11
591,69.79,12.1
592,69.76,12.09
593,69.73,12.09
594,69.7,12.08
595,69.68,12.08
596,69.65,12.07
597,69.62,12.07
598,69.6,12.06
599,69.57,12.06
600,69.56,12.05
601,69.55,12.03
602,69.54,12.02
603,69.53,12.01
604,69.53,11.99
605,69.52,11.98
606,69.52,11.97
607,69.51,11.95
608,69.51,11.94
609,69.5,11.93
610,69.5,11.92
611,69.49,11.91
612,69.49,11.91
613,69.48,11.9
614,69.48,11.89
615,69.48,11.88
616,69.47,11.88
617,69.47,11.87
618,69.46,11.87
619,69.46,11.86
620,69.46,11.83
621,69.45,11.81
622,69.45,11.78
623,69.44,11.75
624,69.44,11.73
625,69.43,11.71
626,69.43,11.69
627,69.42,11.67
628,69.42,11.65
629,69.41,11.64
630,69.41,11.63
631,69.4,11.62
632,69.4,11.61
633,69.4,11.6
634,69.39,11.59
635,69.39,11.58
636,69.39,11.58
637,69.39,11.57
638,69.39,11.57
639,69.39,11.55
640,69.39,11.54
641,69.39,11.52
642,69.4,11.5
643,69.4,11.48
644,69.4,11.46
645,69.4,11.44
646,69.41,11.43
647,69.41,11.41
648,69.41,11.4
649,69.41,11.38
650,69.41,11.37
651,69.42,11.36
652,69.42,11.34
653,69.42,11.33
654,69.42,11.32
655,69.42,11.31
656,69.43,11.3
657,69.43,11.3
658,69.43,11.29
659,69.43,11.29
660,69.43,11.28
661,69.43,11.28
662,69.43,11.28
663,69.43,11.28
664,69.42,11.28
665,69.42,11.28
666,69.42,11.28
667,69.42,11.28
668,69.42,11.28
669,69.41,11.29
670,69.41,11.3
671,69.4,11.3
672,69.4,11.31
673,69.39,11.32
674,69.38,11.34
675,69.36,11.36
676,69.35,11.38
677,69.33,11.4
678,69.32,11.43
679,69.3,11.44
680,69.28,11.45
681,69.26,11.46
682,69.25,11.47
683,69.23,11.48
684,69.21,11.49
685,69.19,11.5
686,69.17,11.51
687,69.16,11.52
688,69.15,11.53
689,69.13,11.53
690,69.12,11.53
691,69.11,11.52
692,69.1,11.52
693,69.09,11.51
694,69.08,11.51
695,69.07,11.5
696,69.07,11.5
697,69.06,11.49
698,69.05,11.49
699,69.04,11.48
700,69.03,11.48
701,69.03,11.47
702,69.02,11.46
703,69.01,11.45
704,69.01,11.44
705,69.0,11.43
706,69.0,11.42
707,68.99,11.41
708,68.98,11.4
709,68.98,11.39
710,68.97,11.38
711,68.96,11.38
712,68.95,11.37
713,68.95,11.37
714,68.94,11.37
715,68.93,11.36
716,68.92,11.36
717,68.92,11.36
718,68.91,11.36
719,68.9,11.36
720,68.89,11.35
721,68.88,11.35
722,68.87,11.34
723,68.86,11.34
724,68.84,11.33
725,68.83,11.32
726,68.82,11.31
727,68.8,11.31
728,68.79,11.3
729,68.78,11.29
730,68.76,11.29
731,68.75,11.28
732,68.74,11.27
733,68.72,11.26
734,68.71,11.26
735,68.7,11.25
736,68.68,11.24
737,68.67,11.24
738,68.66,11.23
739,68.64,11.22
740,68.63,11.22
741,68.62,11.21
742,68.61,11.2
743,68.61,11.2
744,68.6,11.2
745,68.59,11.19
746,68.59,11.18
747,68.59,11.17
748,68.59,11.16
749,68.58,11.15
750,68.58,11.15
751,68.58,11.14
752,68.57,11.13
753,68.57,11.13
754,68.57,11.12
755,68.57,11.12
756,68.56,11.11
757,68.56,11.11
758,68.55,11.11
759,68.55,11.1
760,68.54,11.1
761,68.54,11.09
762,68.53,11.08
763,68.51,11.07
764,68.5,11.06
765,68.49,11.05
766,68.47,11.04
767,68.46,11.03
768,68.45,11.02
769,68.44,11.02
770,68.42,11.01
771,68.41,11.0
772,68.4,11.0
773,68.38,10.99
774,68.37,10.99
775,68.36,10.98
776,68.34,10.98
777,68.33,10.98
778,68.32,10.97
779,68.3,10.97
780,68.29,10.97
781,68.27,10.97
782,68.26,10.97
783,68.24,10.97
784,68.22,10.97
785,68.21,10.98
786,68.19,10.98
787,68.17,10.99
788,68.16,10.99
789,68.14,11.0
790,68.12,11.01
791,68.11,11.02
792,68.09,11.02
793,68.07,11.04
794,68.06,11.05
795,68.04,11.06
796,68.02,11.07
797,68.01,11.09
798,67.99,11.1
799,67.97,11.11
800,67.95,11.12
801,67.94,11.13
802,67.92,11.12
803,67.9,11.12
804,67.88,11.12
805,67.87,11.13
806,67.85,11.13
807,67.83,11.13
808,67.81,11.13
809,67.79,11.13
810,67.78,11.13
811,67.76,11.13
812,67.74,11.14
813,67.72,11.14
814,67.71,11.14
815,67.69,11.15
816,67.67,11.15
817,67.66,11.16
818,67.64,11.17
819,67.63,11.17
820,67.62,11.18
821,67.61,11.19
822,67.6,11.19
823,67.6,11.2
824,67.6,11.2
825,67.59,11.21
826,67.59,11.21
827,67.58,11.22
828,67.58,11.23
829,67.57,11.24
830,67.57,11.25
831,67.56,11.26
832,67.56,11.27
833,67.56,11.28
834,67.55,11.29
835,67.54,11.3
836,67.54,11.32
837,67.53,11.33
838,67.53,11.33
839,67.52,11.33
840,67.52,11.33
841,67.51,11.32
842,67.5,11.31
843,67.49,11.3
844,67.48,11.29
845,67.47,11.29
846,67.46,11.28
847,67.45,11.27
848,67.44,11.27
849,67.43,11.26
850,67.42,11.26
851,67.41,11.25
852,67.4,11.25
853,67.39,11.24
854,67.39,11.23
855,67.38,11.22
856,67.37,11.22
857,67.36,11.21
858,67.35,11.2
859,67.35,11.19
860,67.34,11.19
861,67.33,11.18
862,67.33,11.17
863,67.32,11.17
864,67.32,11.16
865,67.31,11.16
866,67.3,11.15
867,67.3,11.15
868,67.29,11.15
869,67.29,11.14
870,67.28,11.14
871,67.27,11.14
872,67.27,11.14
873,67.26,11.14
874,67.26,11.14
875,67.25,11.15
876,67.24,11.15
877,67.24,11.16
878,67.23,11.16
879,67.23,11.16
880,67.22,11.16
881,67.21,11.16
882,67.21,11.17
883,67.2,11.17
884,67.19,11.17
885,67.18,11.17
886,67.18,11.17
887,67.17,11.18
888,67.16,11.18
889,67.16,11.18
890,67.15,11.19
891,67.14,11.19
892,67.13,11.19
893,67.13,11.2
894,67.12,11.2
895,67.11,11.2
896,67.1,11.21
897,67.1,11.21
898,67.09,11.22
899,67.08,11.22
900,67.07,11.23
901,67.07,11.23
902,67.05,11.23
903,67.03,11.24
904,67.02,11.24
905,67.0,11.24
906,66.98,11.25
907,66.96,11.25
908,66.95,11.26
909,66.93,11.26
910,66.91,11.26
911,66.89,11.27
912,66.88,11.27
913,66.86,11.28
914,66.84,11.28
915,66.82,11.29
916,66.81,11.29
917,66.79,11.3
918,66.77,11.31
919,66.76,11.31
920,66.74,11.32
921,66.72,11.32
922,66.71,11.31
923,66.69,11.31
924,66.68,11.3
925,66.66,11.3
926,66.65,11.29
927,66.63,11.29
928,66.62,11.29
929,66.6,11.29
930,66.59,11.28
931,66.57,11.28
932,66.56,11.28
933,66.54,11.28
934,66.53,11.27
935,66.52,11.27
936,66.5,11.27
937,66.49,11.27
938,66.47,11.27
939,66.46,11.27
940,66.44,11.27
941,66.43,11.26
942,66.43,11.26
943,66.42,11.26
944,66.42,11.26
945,66.41,11.26
946,66.4,11.26
947,66.4,11.26
948,66.39,11.26
949,66.38,11.26
950,66.37,11.26
951,66.36,11.26
952,66.35,11.26
953,66.34,11.26
954,66.34,11.26
955,66.33,11.26
956,66.32,11.26
957,66.31,11.27
958,66.3,11.27
959,66.3,11.27
960,66.29,11.27
961,66.29,11.26
962,66.29,11.25
963,66.29,11.24
964,66.29,11.23
965,66.29,11.22
966,66.29,11.21
967,66.29,11.2
968,66.29,11.19
969,66.29,11.19
970,66.29,11.18
971,66.29,11.17
972,66.29,11.16
973,66.3,11.15
974,66.3,11.15
975,66.3,11.14
976,66.3,11.13
977,66.3,11.13
978,66.3,11.12
979,66.3,11.12
980,66.29,11.12
981,66.28,11.12
982,66.27,11.12
983,66.25,11.12
984,66.23,11.12
985,66.22,11.12
986,66.2,11.12
987,66.19,11.12
988,66.17,11.13
989,66.16,11.13
990,66.14,11.13
991,66.12,11.14
992,66.11,11.14
993,66.09,11.14
994,66.08,11.14
995,66.07,11.15
996,66.05,11.15
997,66.04,11.16
998,66.03,11.16
999,66.01,11.17
1000,66.0,11.17
1001,65.98,11.17
1002,65.97,11.17
1003,65.95,11.17
1004,65.93,11.18
1005,65.92,11.18
1006,65.9,11.18
1007,65.88,11.18
1008,65.87,11.19
1009,65.85,11.19
1010,65.83,11.19
1011,65.81,11.2
1012,65.8,11.2
1013,65.78,11.2
1014,65.76,11.21
1015,65.75,11.21
1016,65.73,11.21
1017,65.71,11.21
1018,65.69,11.22
1019,65.68,11.22
1020,65.66,11.23
1021,65.65,11.23
1022,65.63,11.24
1023,65.62,11.24
1024,65.61,11.25
1025,65.59,11.25
1026,65.58,11.26
1027,65.57,11.26
1028,65.55,11.27
1029,65.54,11.27
1030,65.53,11.28
1031,65.51,11.28
1032,65.5,11.29
1033,65.48,11.29
1034,65.47,11.3
1035,65.46,11.3
1036,65.45,11.3
1037,65.44,11.3
1038,65.43,11.29
1039,65.42,11.28
1040,65.42,11.27
1041,65.42,11.26
1042,65.41,11.24
1043,65.41,11.23
1044,65.4,11.22
1045,65.4,11.2
1046,65.4,11.19
1047,65.39,11.18
1048,65.39,11.16
1049,65.38,11.15
1050,65.38,11.14
1051,65.38,11.13
1052,65.37,11.13
1053,65.36,11.12
1054,65.35,11.12
1055,65.34,11.12
1056,65.33,11.12
1057,65.33,11.12
1058,65.31,11.12
1059,65.3,11.12
1060,65.28,11.12
1061,65.26,11.12
1062,65.24,11.12
1063,65.22,11.12
1064,65.2,11.12
1065,65.18,11.12
1066,65.16,11.12
1067,65.14,11.12
1068,65.12,11.12
1069,65.1,11.12
1070,65.08,11.12
1071,65.07,11.12
1072,65.05,11.12
1073,65.03,11.12
1074,65.02,11.12
1075,65.0,11.12
1076,64.99,11.12
1077,64.98,11.11
1078,64.97,11.11
1079,64.96,11.12
1080,64.95,11.12
1081,64.94,11.12
1082,64.93,11.13
1083,64.93,11.13
1084,64.92,11.13
1085,64.91,11.14
1086,64.9,11.14
1087,64.89,11.15
1088,64.88,11.15
1089,64.86,11.15
1090,64.85,11.16
1091,64.83,11.16
1092,64.81,11.16
1093,64.8,11.16
1094,64.78,11.16
1095,64.76,11.17
1096,64.75,11.17
1097,64.73,11.17
1098,64.71,11.17
1099,64.7,11.18
1100,64.68,11.18
1101,64.66,11.18
1102,64.65,11.18
1103,64.64,11.18
1104,64.62,11.18
1105,64.61,11.18
1106,64.6,11.18
1107,64.59,11.18
1108,64.57,11.18
1109,64.56,11.18
1110,64.55,11.18
1111,64.53,11.19
1112,64.52,11.19
1113,64.51,11.19
1114,64.5,11.19
1115,64.48,11.2
1116,64.47,11.2
1117,64.46,11.2
1118,64.44,11.21
1119,64.43,11.21
1120,64.42,11.21
1121,64.4,11.21
1122,64.38,11.21
1123,64.36,11.21
1124,64.34,11.2
1125,64.32,11.2
1126,64.3,11.19
1127,64.28,11.19
1128,64.26,11.19
1129,64.25,11.18
1130,64.23,11.17
1131,64.21,11.17
1132,64.2,11.16
1133,64.18,11.16
1134,64.16,11.15
1135,64.14,11.15
1136,64.13,11.15
1137,64.11,11.14
1138,64.09,11.14
1139,64.08,11.13
1140,64.06,11.13
1141,64.05,11.13
1142,64.04,11.13
1143,64.03,11.13
1144,64.02,11.13
1145,64.01,11.12
1146,64.0,11.12
1147,63.99,11.12
1148,63.98,11.12
1149,63.97,11.12
1150,63.96,11.12
1151,63.95,11.12
1152,63.94,11.12
1153,63.93,11.13
1154,63.92,11.13
1155,63.91,11.13
1156,63.9,11.13
1157,63.89,11.13
1158,63.88,11.13
1159,63.87,11.14
1160,63.85,11.14
1161,63.84,11.13
1162,63.83,11.13
1163,63.81,11.13
1164,63.8,11.12
1165,63.78,11.12
1166,63.76,11.12
1167,63.75,11.12
1168,63.73,11.12
1169,63.71,11.12
1170,63.7,11.12
1171,63.68,11.11
1172,63.66,11.11
1173,63.65,11.11
1174,63.63,11.11
1175,63.62,11.11
1176,63.6,11.11
1177,63.58,11.11
1178,63.57,11.11
1179,63.55,11.11
1180,63.53,11.1
1181,63.51,11.1
1182,63.49,11.1
1183,63.47,11.1
1184,63.45,11.09
1185,63.43,11.09
1186,63.4,11.09
1187,63.38,11.08
1188,63.36,11.08
1189,63.34,11.08
1190,63.32,11.08
1191,63.3,11.07
1192,63.28,11.07
1193,63.25,11.07
1194,63.23,11.07
1195,63.21,11.07
1196,63.19,11.07
1197,63.16,11.07
1198,63.14,11.07
1199,63.12,11.07
1200,63.1,11.07
1201,63.07,11.07
1202,63.05,11.08
1203,63.02,11.08
1204,63.0,11.08
1205,62.98,11.08
1206,62.95,11.09
1207,62.93,11.09
1208,62.91,11.09
1209,62.88,11.1
1210,62.86,11.1
1211,62.84,11.1
1212,62.81,11.11
1213,62.79,11.11
1214,62.77,11.11
1215,62.74,11.12
1216,62.72,11.12
1217,62.7,11.12
1218,62.67,11.13
1219,62.66,11.13
1220,62.64,11.13
1221,62.63,11.13
1222,62.62,11.13
1223,62.61,11.14
1224,62.6,11.14
1225,62.59,11.14
1226,62.58,11.14
1227,62.57,11.15
1228,62.56,11.15
1229,62.55,11.15
1230,62.54,11.16
1231,62.53,11.16
1232,62.51,11.16
1233,62.5,11.17
1234,62.49,11.17
1235,62.48,11.18
1236,62.46,11.18
1237,62.45,11.19
1238,62.44,11.19
1239,62.43,11.2
1240,62.42,11.2
1241,62.42,11.2
1242,62.41,11.2
1243,62.4,11.2
1244,62.4,11.2
1245,62.39,11.2
1246,62.38,11.2
1247,62.38,11.2
1248,62.37,11.2
1249,62.37,11.2
1250,62.36,11.2
1251,62.35,11.21
1252,62.35,11.21
1253,62.35,11.2
1254,62.34,11.2
1255,62.34,11.19
1256,62.34,11.19
1257,62.34,11.18
1258,62.33,11.18
1259,62.33,11.17
1260,62.32,11.17
1261,62.31,11.17
1262,62.3,11.16
1263,62.29,11.16
1264,62.28,11.16
1265,62.27,11.16
1266,62.26,11.16
1267,62.24,11.15
1268,62.23,11.15
1269,62.22,11.15
1270,62.21,11.15
1271,62.2,11.16
1272,62.19,11.16
1273,62.17,11.16
1274,62.16,11.16
1275,62.15,11.17
1276,62.14,11.17
1277,62.12,11.17
1278,62.11,11.18
1279,62.1,11.17
1280,62.09,11.17
1281,62.09,11.17
1282,62.08,11.17
1283,62.07,11.17
1284,62.06,11.17
1285,62.05,11.17
1286,62.05,11.17
1287,62.04,11.17
1288,62.03,11.18
1289,62.02,11.18
1290,62.01,11.18
1291,62.01,11.19
1292,62.0,11.2
1293,61.99,11.21
1294,61.99,11.22
1295,61.98,11.23
1296,61.97,11.24
1297,61.97,11.25
1298,61.96,11.26
1299,61.95,11.27
1300,61.94,11.28
1301,61.94,11.29
1302,61.93,11.3
1303,61.92,11.31
1304,61.91,11.32
1305,61.91,11.34
1306,61.9,11.35
1307,61.89,11.35
1308,61.88,11.36
1309,61.87,11.36
1310,61.86,11.36
1311,61.85,11.36
1312,61.84,11.36
1313,61.83,11.36
1314,61.82,11.36
1315,61.81,11.36
1316,61.8,11.36
1317,61.79,11.36
1318,61.78,11.37
1319,61.77,11.37
1320,61.76,11.37
1321,61.75,11.37
1322,61.74,11.37
1323,61.72,11.36
1324,61.71,11.36
1325,61.7,11.36
1326,61.7,11.35
1327,61.68,11.35
1328,61.67,11.35
1329,61.66,11.34
1330,61.65,11.34
1331,61.64,11.34
1332,61.63,11.34
1333,61.62,11.34
1334,61.61,11.34
1335,61.6,11.33
1336,61.59,11.33
1337,61.58,11.33
1338,61.57,11.33
1339,61.56,11.33
1340,61.55,11.33
1341,61.54,11.33
1342,61.53,11.33
1343,61.52,11.33
1344,61.51,11.33
1345,61.5,11.33
1346,61.49,11.33
1347,61.48,11.33
1348,61.47,11.33
1349,61.46,11.33
1350,61.45,11.33
1351,61.44,11.33
1352,61.43,11.34
1353,61.42,11.34
1354,61.4,11.34
1355,61.39,11.34
1356,61.38,11.34
1357,61.37,11.35
1358,61.36,11.35
1359,61.35,11.35
1360,61.34,11.35
1361,61.32,11.35
1362,61.3,11.34
1363,61.28,11.34
1364,61.26,11.33
1365,61.24,11.32
1366,61.22,11.32
1367,61.2,11.31
1368,61.19,11.3
1369,61.17,11.3
1370,61.15,11.29
1371,61.13,11.29
1372,61.11,11.28
1373,61.09,11.28
1374,61.07,11.27
1375,61.05,11.27
1376,61.03,11.27
1377,61.01,11.26
1378,60.99,11.26
1379,60.97,11.25
1380,60.96,11.25
1381,60.95,11.24
1382,60.94,11.23
1383,60.93,11.23
1384,60.92,11.22
1385,60.91,11.21
1386,60.9,11.2
1387,60.88,11.2
1388,60.87,11.19
1389,60.86,11.18
1390,60.85,11.18
1391,60.84,11.17
1392,60.83,11.16
1393,60.82,11.16
1394,60.81,11.15
1395,60.8,11.15
1396,60.78,11.15
1397,60.77,11.15
1398,60.76,11.15
1399,60.74,11.15
1400,60.73,11.15
1401,60.72,11.15
1402,60.71,11.15
1403,60.7,11.16
1404,60.68,11.16
1405,60.67,11.16
1406,60.66,11.16
1407,60.65,11.17
1408,60.64,11.17
1409,60.63,11.17
1410,60.61,11.18
1411,60.6,11.18
1412,60.59,11.18
1413,60.58,11.19
1414,60.57,11.19
1415,60.56,11.19
1416,60.55,11.19
1417,60.54,11.2
1418,60.53,11.2
1419,60.52,11.2
1420,60.51,11.2
1421,60.5,11.2
1422,60.49,11.2
1423,60.48,11.2
1424,60.47,11.2
1425,60.46,11.2
1426,60.45,11.2
1427,60.44,11.19
1428,60.43,11.19
1429,60.42,11.2
1430,60.41,11.2
1431,60.4,11.2
1432,60.39,11.2
1433,60.38,11.2
1434,60.37,11.21
1435,60.36,11.21
1436,60.35,11.21
1437,60.33,11.22
1438,60.32,11.22
1439,60.32,11.23
1440,60.31,11.23
1441,60.31,11.23
1442,60.31,11.24
1443,60.3,11.24
1444,60.3,11.24
1445,60.3,11.24
1446,60.29,11.25
1447,60.29,11.25
1448,60.29,11.25
1449,60.28,11.26
1450,60.28,11.26
1451,60.28,11.26
1452,60.28,11.26
1453,60.27,11.26
1454,60.27,11.26
1455,60.27,11.26
1456,60.27,11.25
1457,60.27,11.25
1458,60.27,11.25
1459,60.25,11.24
1460,60.23,11.23
1461,60.21,11.22
1462,60.18,11.21
1463,60.16,11.2
1464,60.14,11.19
1465,60.12,11.18
1466,60.09,11.18
1467,60.07,11.17
1468,60.05,11.16
1469,60.03,11.15
1470,60.01,11.14
1471,59.99,11.13
1472,59.97,11.12
1473,59.95,11.11
1474,59.93,11.11
1475,59.9,11.1
1476,59.88,11.09
1477,59.86,11.08
1478,59.85,11.08
1479,59.85,11.08
1480,59.84,11.08
1481,59.84,11.08
1482,59.84,11.08
1483,59.83,11.08
1484,59.83,11.08
1485,59.83,11.07
1486,59.82,11.07
1487,59.82,11.08
1488,59.81,11.08
1489,59.81,11.08
1490,59.81,11.08
1491,59.8,11.07
1492,59.8,11.07
1493,59.79,11.07
1494,59.79,11.07
1495,59.78,11.07
1496,59.78,11.07
1497,59.78,11.07
1498,59.77,11.07
1499,59.77,11.07
1500,59.76,11.07
1501,59.75,11.07
1502,59.75,11.07
1503,59.74,11.06
1504,59.73,11.06
1505,59.72,11.05
1506,59.71,11.05
1507,59.71,11.04
1508,59.7,11.04
1509,59.69,11.04
1510,59.68,11.04
1511,59.67,11.04
1512,59.66,11.03
1513,59.65,11.03
1514,59.64,11.03
1515,59.63,11.03
1516,59.62,11.03
1517,59.61,11.02
1518,59.6,11.02
1519,59.59,11.02
1520,59.58,11.02
1521,59.58,11.02
1522,59.58,11.02
1523,59.58,11.02
1524,59.58,11.02
1525,59.58,11.03
1526,59.57,11.03
1527,59.57,11.03
1528,59.57,11.04
1529,59.56,11.04
1530,59.56,11.05
1531,59.56,11.06
1532,59.55,11.06
1533,59.55,11.07
1534,59.55,11.08
1535,59.55,11.08
1536,59.54,11.09
1537,59.54,11.1
1538,59.54,11.11
1539,59.53,11.12
1540,59.53,11.13
1541,59.52,11.13
1542,59.52,11.13
1543,59.51,11.14
1544,59.51,11.14
1545,59.5,11.14
1546,59.5,11.14
1547,59.49,11.13
1548,59.49,11.13
1549,59.48,11.13
1550,59.48,11.12
1551,59.47,11.12
1552,59.47,11.12
1553,59.46,11.12
1554,59.46,11.12
1555,59.45,11.12
1556,59.45,11.12
1557,59.44,11.12
1558,59.44,11.12
1559,59.44,11.12
1560,59.43,11.12
1561,59.42,11.12
1562,59.41,11.12
1563,59.4,11.12
1564,59.39,11.12
1565,59.38,11.12
1566,59.37,11.12
1567,59.36,11.12
1568,59.35,11.12
1569,59.34,11.12
1570,59.33,11.13
1571,59.32,11.13
1572,59.31,11.13
1573,59.3,11.13
1574,59.29,11.13
1575,59.28,11.13
1576,59.27,11.14
1577,59.26,11.14
1578,59.25,11.14
1579,59.24,11.15
1580,59.22,11.14
1581,59.21,11.14
1582,59.19,11.13
1583,59.18,11.12
1584,59.16,11.12
1585,59.14,11.11
1586,59.12,11.1
1587,59.11,11.1
1588,59.09,11.09
1589,59.07,11.09
1590,59.05,11.08
1591,59.04,11.08
1592,59.02,11.07
1593,59.0,11.07
1594,58.98,11.07
1595,58.97,11.06
1596,58.95,11.06
1597,58.93,11.05
1598,58.92,11.05
1599,58.9,11.05
1600,58.89,11.05
1601,58.87,11.06
1602,58.86,11.06
1603,58.85,11.06
1604,58.84,11.07
1605,58.82,11.07
1606,58.81,11.07
1607,58.8,11.08
1608,58.79,11.08
1609,58.77,11.08
1610,58.76,11.09
1611,58.75,11.09
1612,58.73,11.1
1613,58.72,11.1
1614,58.71,11.1
1615,58.69,11.11
1616,58.68,11.11
1617,58.67,11.12
1618,58.65,11.12
1619,58.64,11.12
1620,58.63,11.13
1621,58.61,11.14
1622,58.6,11.14
1623,58.58,11.15
1624,58.57,11.15
1625,58.55,11.16
1626,58.54,11.17
1627,58.52,11.17
1628,58.51,11.18
1629,58.49,11.18
1630,58.48,11.19
1631,58.46,11.2
1632,58.45,11.2
1633,58.43,11.21
1634,58.42,11.21
1635,58.4,11.22
1636,58.39,11.23
1637,58.38,11.23
1638,58.36,11.24
1639,58.35,11.24
1640,58.34,11.24
1641,58.34,11.24
1642,58.33,11.24
1643,58.32,11.24
1644,58.31,11.24
1645,58.3,11.24
1646,58.29,11.23
1647,58.28,11.23
1648,58.27,11.23
1649,58.27,11.23
1650,58.26,11.23
1651,58.25,11.22
1652,58.25,11.22
1653,58.24,11.21
1654,58.24,11.21
1655,58.23,11.2
1656,58.23,11.19
1657,58.23,11.18
1658,58.22,11.17
1659,58.22,11.16
1660,58.21,11.15
1661,58.2,11.14
1662,58.2,11.14
1663,58.19,11.13
1664,58.18,11.12
1665,58.18,11.11
1666,58.17,11.1
1667,58.16,11.1
1668,58.15,11.09
1669,58.15,11.09
1670,58.14,11.09
1671,58.13,11.09
1672,58.12,11.09
1673,58.11,11.09
1674,58.1,11.09
1675,58.09,11.09
1676,58.08,11.09
1677,58.07,11.09
1678,58.06,11.09
1679,58.05,11.08
1680,58.05,11.08
1681,58.04,11.08
1682,58.04,11.07
1683,58.03,11.07
1684,58.03,11.07
1685,58.02,11.06
1686,58.02,11.06
1687,58.01,11.06
1688,58.01,11.06
1689,58.01,11.06
1690,58.0,11.07
1691,58.0,11.07
1692,57.99,11.08
1693,57.99,11.08
1694,57.99,11.09
1695,57.98,11.09
1696,57.98,11.1
1697,57.98,11.11
1698,57.97,11.12
1699,57.97,11.12
1700,57.96,11.13
1701,57.96,11.14
1702,57.95,11.15
1703,57.94,11.16
1704,57.94,11.17
1705,57.93,11.18
1706,57.93,11.19
1707,57.92,11.19
1708,57.91,11.2
1709,57.91,11.2
1710,57.9,11.2
1711,57.89,11.21
1712,57.88,11.21
1713,57.88,11.22
1714,57.87,11.22
1715,57.86,11.23
1716,57.86,11.24
1717,57.85,11.24
1718,57.84,11.25
1719,57.83,11.25
1720,57.83,11.26
1721,57.81,11.26
1722,57.8,11.26
1723,57.78,11.26
1724,57.76,11.25
1725,57.73,11.25
1726,57.7,11.25
1727,57.67,11.25
1728,57.63,11.26
1729,57.6,11.26
1730,57.57,11.27
1731,57.54,11.28
1732,57.5,11.29
1733,57.47,11.3
1734,57.44,11.31
1735,57.41,11.32
1736,57.38,11.34
1737,57.35,11.35
1738,57.32,11.37
1739,57.29,11.39
1740,57.26,11.4
1741,57.24,11.41
1742,57.22,11.4
1743,57.21,11.4
1744,57.2,11.39
1745,57.18,11.39
1746,57.17,11.38
1747,57.16,11.38
1748,57.15,11.38
1749,57.13,11.37
1750,57.12,11.37
1751,57.11,11.37
1752,57.1,11.36
1753,57.08,11.36
1754,57.07,11.36
1755,57.06,11.36
1756,57.04,11.36
1757,57.03,11.36
1758,57.02,11.36
1759,57.01,11.35
1760,56.99,11.35
1761,56.98,11.35
1762,56.96,11.34
1763,56.95,11.34
1764,56.93,11.34
1765,56.92,11.34
1766,56.9,11.33
1767,56.89,11.33
1768,56.87,11.33
1769,56.86,11.32
1770,56.84,11.32
1771,56.83,11.32
1772,56.81,11.32
1773,56.79,11.32
1774,56.78,11.32
1775,56.76,11.32
1776,56.74,11.32
1777,56.72,11.33
1778,56.7,11.34
1779,56.67,11.35
1780,56.65,11.37
1781,56.62,11.39
1782,56.6,11.41
1783,56.57,11.43
1784,56.55,11.45
1785,56.52,11.47
1786,56.5,11.49
1787,56.47,11.51
1788,56.45,11.53
1789,56.42,11.55
1790,56.39,11.57
1791,56.37,11.59
1792,56.34,11.62
1793,56.32,11.64
1794,56.29,11.66
1795,56.27,11.68
1796,56.25,11.7
1797,56.24,11.71
1798,56.22,11.71
1799,56.21,11.71
1800,56.19,11.71
1801,56.17,11.71
1802,56.16,11.7
1803,56.14,11.7
1804,56.13,11.7
1805,56.11,11.7
1806,56.1,11.7
1807,56.08,11.69
1808,56.07,11.69
1809,56.05,11.69
1810,56.04,11.69
1811,56.02,11.69
1812,56.01,11.69
1813,56.0,11.68
1814,55.98,11.68
1815,55.97,11.68
1816,55.95,11.68
1817,55.94,11.68
1818,55.92,11.68
1819,55.9,11.68
1820,55.88,11.67
1821,55.86,11.66
1822,55.84,11.66
1823,55.82,11.65
1824,55.8,11.65
1825,55.78,11.64
1826,55.75,11.64
1827,55.73,11.63
1828,55.71,11.63
1829,55.69,11.62
1830,55.67,11.62
1831,55.65,11.62
1832,55.63,11.61
1833,55.61,11.61
1834,55.59,11.6
1835,55.57,11.6
1836,55.55,11.59
1837,55.52,11.59
1838,55.51,11.59
1839,55.49,11.59
1840,55.48,11.59
1841,55.46,11.59
1842,55.45,11.59
1843,55.44,11.59
1844,55.42,11.59
1845,55.41,11.59
1846,55.4,11.59
1847,55.38,11.59
1848,55.37,11.59
1849,55.36,11.59
1850,55.34,11.59
1851,55.33,11.59
1852,55.32,11.59
1853,55.3,11.59
1854,55.29,11.59
1855,55.28,11.59
1856,55.26,11.6
1857,55.25,11.6
1858,55.23,11.6
1859,55.21,11.6
1860,55.18,11.61
1861,55.16,11.61
1862,55.13,11.62
1863,55.11,11.62
1864,55.08,11.63
1865,55.06,11.63
1866,55.03,11.64
1867,55.01,11.65
1868,54.98,11.65
1869,54.96,11.66
1870,54.93,11.67
1871,54.9,11.68
1872,54.88,11.68
1873,54.85,11.69
1874,54.83,11.7
1875,54.8,11.71
1876,54.78,11.72
1877,54.75,11.73
1878,54.72,11.74
1879,54.69,11.74
1880,54.66,11.74
1881,54.63,11.75
1882,54.6,11.75
1883,54.57,11.76
1884,54.54,11.77
1885,54.51,11.77
1886,54.47,11.78
1887,54.44,11.78
1888,54.41,11.79
1889,54.38,11.8
1890,54.35,11.8
1891,54.32,11.81
1892,54.29,11.82
1893,54.26,11.83
1894,54.22,11.84
1895,54.19,11.84
1896,54.16,11.85
1897,54.13,11.86
1898,54.1,11.87
1899,54.07,11.88
1900,54.04,11.89
1901,53.99,11.89
1902,53.94,11.9
1903,53.9,11.9
1904,53.85,11.91
1905,53.8,11.91
1906,53.75,11.92
1907,53.7,11.93
1908,53.65,11.94
1909,53.6,11.94
1910,53.56,11.95
1911,53.51,11.96
1912,53.46,11.97
1913,53.41,11.98
1914,53.36,12.0
1915,53.31,12.0
1916,53.26,12.01
1917,53.21,12.02
1918,53.16,12.03
1919,53.1,12.04
1920,53.04,12.05
1921,52.95,12.04
1922,52.85,12.03
1923,52.75,12.03
1924,52.65,12.02
1925,52.55,12.01
1926,52.44,12.01
1927,52.34,12.01
1928,52.24,12.01
1929,52.14,12.01
1930,52.04,12.01
1931,51.93,12.01
1932,51.83,12.02
1933,51.73,12.02
1934,51.62,12.03
1935,51.52,12.03
1936,51.42,12.04
1937,51.31,12.06
1938,51.21,12.07
1939,51.09,12.07
1940,50.94,12.06
1941,50.72,12.02
1942,50.49,11.96
1943,50.26,11.91
1944,50.02,11.87
1945,49.79,11.83
1946,49.56,11.79
1947,49.32,11.75
1948,49.09,11.72
1949,48.85,11.7
1950,48.62,11.67
1951,48.39,11.65
1952,48.15,11.64
1953,47.92,11.63
1954,47.68,11.62
1955,47.45,11.62
1956,47.22,11.62
1957,46.98,11.62
1958,46.75,11.62
1959,46.49,11.61
1960,46.23,11.57
1961,45.93,11.49
1962,45.62,11.39
1963,45.32,11.3
1964,45.01,11.22
1965,44.71,11.14
1966,44.4,11.06
1967,44.1,10.99
1968,43.79,10.92
1969,43.49,10.85
1970,43.18,10.79
1971,42.88,10.73
1972,42.57,10.67
1973,42.27,10.62
1974,41.96,10.58
1975,41.66,10.54
1976,41.35,10.5
1977,41.05,10.46
1978,40.74,10.43
1979,40.44,10.41
