name,duration_sec,avd_sec,avd_pct,retention_30,mean_retention
138P93_Z_u0,1195.48,781.45,65.37,77.56,65.37
1J5zlq2Vs3Y,1733.96,816.65,47.1,74.49,47.1
39R6j9qkzPo,992.16,527.1,53.13,65.9,53.13
3G6JrAq-w4M,933.44,739.66,79.24,93.39,79.24
3MncoqWP_qg,1014.08,711.1,70.12,90.8,70.12
3PBo1GiAlbs,1175.0,834.92,71.06,89.79,71.06
3WA4YT8fkx8,807.84,572.3,70.84,86.08,70.84
4WcGtcKKoWg,777.56,625.66,80.46,89.42,80.46
6Ha1lqRKMig,1050.32,621.04,59.13,84.37,59.13
6_qPAwOsDi0,1094.92,795.71,72.67,92.04,72.67
7g_56jn0NCA,1747.76,1128.29,64.56,85.97,64.56
8YXWaEo201o,1116.64,766.72,68.66,81.66,68.66
8__NWVjeyZ8,1589.68,1017.32,64.0,86.17,64.0
9B3N8I4Vidc,751.8,485.68,64.6,74.24,64.6
BZEZxzRJ-L4,1644.88,1103.88,67.11,83.98,67.11
Db6f982wxPg,723.16,540.95,74.8,88.16,74.8
DhFuAhFMvms,1634.8,1125.18,68.83,87.05,68.83
DrS6_CT0XrU,507.16,354.18,69.84,82.22,69.84
ECP4p12A5FY,1419.04,1035.43,72.97,87.46,72.97
EFxlvlchMw8,1226.12,831.71,67.83,83.36,67.83
EhAdb6fIEe0,1126.76,664.84,59.0,77.73,59.0
Ei6QuJppkb4,943.84,750.91,79.56,92.25,79.56
FYbEJ3oRgFk,388.28,133.4,34.36,41.51,34.36
FZ4waB-THOA,1535.32,969.11,63.12,85.65,63.12
Fr4ZqY97Bco,1267.24,849.21,67.01,88.39,67.01
GfEdSBXxyHA,1430.24,1005.44,70.3,87.41,70.3
GthDbmZFW-w,1336.48,893.04,66.82,80.97,66.82
IgJxh-fJTBU,1192.68,836.06,70.1,92.55,70.1
JXTBwlW02No,719.3186000000001,538.11,74.81,82.5,74.81
K5zVqoMMj3Y,1115.16,808.48,72.5,88.94,72.5
LH3DvvXTxzc,970.44,647.55,66.73,87.58,66.73
Mc0b511IaVU,1109.08,812.0,73.21,91.37,73.21
NE38Pn3CYRc,365.4,189.4,51.83,60.0,51.83
Nvq6okhPSOw,1569.12,783.18,49.91,80.7,49.91
OpuMLYUuP_M,723.56,538.98,74.49,85.39,74.49
P9bVljfAWS8,737.24,579.39,78.59,91.44,78.59
Q1ZmiQVX9cY,1828.28,988.64,54.08,76.6,54.08
RhVq2oJpsEY,1378.48,984.82,71.44,87.46,71.44
RkwsqGM4_DE,669.96,516.94,77.16,86.25,77.16
S_o49-nmh5w,690.84,487.43,70.56,85.77,70.56
Sf95qeC7BUs,1918.64,1248.02,65.05,79.48,65.05
U8e1Pd7aBLY,913.36,713.88,78.16,95.31,78.16
VYYzb9KHawI,584.8843,427.16,73.03,89.24,73.03
VYsqc9S5b9E,868.28,601.02,69.22,86.61,69.22
W6enyqR-1Jw,1385.64,854.72,61.68,79.71,61.68
YoGUM0AsXJI,847.5800666666667,579.32,68.35,85.3,68.35
YubjPoEmzgU,1324.52,799.23,60.34,82.83,60.34
Z6cbf9WN0c4,1180.52,708.26,60.0,78.57,60.0
b5gAWk2QuSU,1000.84,755.51,75.49,89.23,75.49
bK-1Mfb93uA,861.76,567.48,65.85,80.99,65.85
dx7dMwMXSAA,1531.84,903.48,58.98,82.69,58.98
e21aHqRYPKE,1190.2,871.41,73.22,87.64,73.22
eL9OqXpmvOE,765.0,358.45,46.86,75.2,46.86
eLSgNBnpeRg,1305.96,920.08,70.45,87.79,70.45
fwHhuHVNR4I,1010.68,762.0,75.39,90.02,75.39
gYHHQNT6100,1417.32,771.93,54.46,82.76,54.46
gkSAR3jbMjA,950.28,772.62,81.3,91.37,81.3
hnyYg62DY4E,1200.6,772.81,64.37,85.09,64.37
iKGmIRAfmCM,764.4,594.33,77.75,90.07,77.75
iP_siVZjbzc,1129.12,743.55,65.85,83.72,65.85
ib29EiVnmJM,1602.4,890.63,55.58,84.6,55.58
ie3vumn9Je4,817.0,484.69,59.33,77.71,59.33
jPVQgOI33V0,1153.08,775.18,67.23,85.61,67.23
jTtvWTti3b0,1608.72,886.38,55.1,78.16,55.1
kifrPvJigCU,678.28,501.56,73.95,83.71,73.95
lLoSngvynB8,1264.88,918.22,72.59,92.87,72.59
lYAEH2n3I58,1590.0,885.19,55.67,86.7,55.67
lgeLlSArJXU,1248.24,886.36,71.01,87.44,71.01
mBzEZBF1a_U,1188.0869,516.9,43.51,59.06,43.51
mM6sYTdPZ-0,333.88,233.05,69.8,87.7,69.8
pfacUo-6wNs,1838.96,819.71,44.57,71.52,44.57
porv8WwTSgc,794.56,624.62,78.61,87.9,78.61
q607HENWvqY,1429.5614666666668,928.88,64.98,83.08,64.98
qoqjZR52lOQ,1503.08,939.81,62.53,80.23,62.53
rJxhpVu7BhU,1144.92,825.7,72.12,88.83,72.12
sujXtr4AVRU,1215.88,925.15,76.09,89.27,76.09
szF7osJgt-A,650.24,496.17,76.31,88.83,76.31
vVZDZxRRXDI,1332.84,931.29,69.87,86.4,69.87
v_puTGCZjnA,1545.68,977.81,63.26,85.74,63.26
vopiJ3KKT-k,335.28,171.99,51.3,66.0,51.3
wS79wHHkjjw,554.48,333.91,60.22,74.57,60.22
wWtq4RlbRos,122.8,104.84,85.38,91.5,85.38
xK0GkyIVzq4,1457.0,966.07,66.31,83.89,66.31
xZnMwJQ4mfc,1157.6,847.8,73.24,84.58,73.24
yKC5nekLvbs,1413.24,1071.43,75.81,88.29,75.81
yXaJpj7Bb9w,1979.0,642.54,32.47,68.37,32.47
yv4o4Epz1eM,1734.56,1145.6,66.05,82.16,66.05
MEAN,1127.3470268199235,733.8919540229884,66.28264367816094,83.48172413793102,66.28264367816094
